Unnamed: 0,ID,YR,DIR,PG,TYPE,NAME,ADDY,BOROUGH,CITY,STATE,HOUSENO,STNAME,STNAME.1,STNAME.2,ST_PREFIX,ST_SUFFIX,AdrMod,STNAME.3,STNAME.4,last_name
10317,1284,1910,Trow,826,Restaurant,Hahn Anna,2454 2 Ave   ,Manhattan,New York,New York,2454,2,Ave,,,,2454 2 Ave   ,,,Hahn
10318,1285,1910,Trow,826,Restaurant,Hahn Conrad,2100 Boston Rd   ,Manhattan,New York,New York,2100,Boston,Rd,,,,2100 Boston Rd   ,,,Hahn
10319,1286,1910,Trow,826,Restaurant,Haimovitch Hyman,127 Eldridge St.   ,Manhattan,New York,New York,127,Eldridge,St.,,,,127 Eldridge St.   ,,,Haimovitch
10320,1287,1910,Trow,826,Restaurant,Haims Frederick,152 West St.   ,Manhattan,New York,New York,152,West,St.,,,,152 West St.   ,,,Haims
10321,1288,1910,Trow,826,Restaurant,Hairbloom & Gemeiner,112 W 28 St.  ,Manhattan,New York,New York,112,W,28,St.,,,112 W 28 St.  ,,,Hairbloom
10322,1289,1910,Trow,826,Restaurant,Half Moon Lunch,51 Liberty St.   ,Manhattan,New York,New York,51,Liberty,St.,,,,51 Liberty St.   ,,,Half
10323,1290,1910,Trow,826,Restaurant,Hall David B. ,117 W 21 St.  ,Manhattan,New York,New York,117,W,21,St.,,,117 W 21 St.  ,,,Hall
10324,1291,1910,Trow,826,Restaurant,Hall William E.,114 W 14 St.  ,Manhattan,New York,New York,114,W,14,St.,,,114 W 14 St.  ,,,Hall
10325,1292,1910,Trow,826,Restaurant,Hall's ,134 Pearl St.   ,Manhattan,New York,New York,134,Pearl,St.,,,,134 Pearl St.   ,,,Hall's
10326,1293,1910,Trow,826,Restaurant,Halleran George F.,430 7 Ave   ,Manhattan,New York,New York,430,7,Ave,,,,430 7 Ave   ,,,Halleran
10327,1294,1910,Trow,826,Restaurant,Halloran John H.,213 6 Ave   ,Manhattan,New York,New York,213,6,Ave,,,,213 6 Ave   ,,,Halloran
10328,1295,1910,Trow,826,Restaurant,Halpern Harry,22 University Pl   ,Manhattan,New York,New York,22,University,Pl,,,,22 University Pl   ,,,Halpern
10329,1296,1910,Trow,826,Restaurant,Halpern Joseph,34 6 Ave   ,Manhattan,New York,New York,34,6,Ave,,,,34 6 Ave   ,,,Halpern
10330,1297,1910,Trow,826,Restaurant,Hamberg Albert,85 W 134 St.  ,Manhattan,New York,New York,85,W,134,St.,,,85 W 134 St.  ,,,Hamberg
10331,1298,1910,Trow,826,Restaurant,Hamelburger Daniel,219 W Broadway   ,Manhattan,New York,New York,219,W,Broadway,,,,219 W Broadway   ,,,Hamelburger
10332,1299,1910,Trow,826,Restaurant,Hamilton Dining Rooms,140 Hamilton Pl   ,Manhattan,New York,New York,140,Hamilton,Pl,,,,140 Hamilton Pl   ,,,Hamilton
10333,1300,1910,Trow,826,Restaurant,Hamilton Lunch,219 W 125 St.  ,Manhattan,New York,New York,219,W,125,St.,,,219 W 125 St.  ,,,Hamilton
10334,1301,1910,Trow,826,Restaurant,Hamlik Albert,120 University Pl   ,Manhattan,New York,New York,120,University,Pl,,,,120 University Pl   ,,,Hamlik
10335,1302,1910,Trow,826,Restaurant,Hammer Isaac,26 Clinton St.   ,Manhattan,New York,New York,26,Clinton,St.,,,,26 Clinton St.   ,,,Hammer
10336,1303,1910,Trow,826,Restaurant,Hammer Joseph,261 Stanton St.   ,Manhattan,New York,New York,261,Stanton,St.,,,,261 Stanton St.   ,,,Hammer
10337,1304,1910,Trow,826,Restaurant,Hammerman Philip,374 Canal St.   ,Manhattan,New York,New York,374,Canal,St.,,,,374 Canal St.   ,,,Hammerman
10338,1305,1910,Trow,826,Restaurant,Hammerman Samuel,418 E 8 St.  ,Manhattan,New York,New York,418,E,8,St.,,,418 E 8 St.  ,,,Hammerman
10339,1306,1910,Trow,826,Restaurant,Handrinos George,6 Stuyvesant St.   ,Manhattan,New York,New York,6,Stuyvesant,St.,,,,6 Stuyvesant St.   ,,,Handrinos
10340,1307,1910,Trow,826,Restaurant,Hand-in-Hand Supply Co,2 Mulberry St.   ,Manhattan,New York,New York,2,Mulberry,St.,,,,2 Mulberry St.   ,,,Hand-in-Hand
10341,1308,1910,Trow,826,Restaurant,Hand-in-Hand Supply Co,219 Bowery St.   ,Manhattan,New York,New York,219,Bowery,St.,,,,219 Bowery St.   ,,,Hand-in-Hand
10342,1309,1910,Trow,826,Restaurant,Hand-in-Hand Supply Co,338 E 23 St.  ,Manhattan,New York,New York,338,E,23,St.,,,338 E 23 St.  ,,,Hand-in-Hand
10343,1310,1910,Trow,826,Restaurant,Hanemaayer & Meyer,135 Cedar St.   ,Manhattan,New York,New York,135,Cedar,St.,,,,135 Cedar St.   ,,,Hanemaayer
10344,1311,1910,Trow,826,Restaurant,Hanemaayer & Meyer,130 Liberty St.   ,Manhattan,New York,New York,130,Liberty,St.,,,,130 Liberty St.   ,,,Hanemaayer
10345,1312,1910,Trow,826,Chinese Restaurant,Hang Lee,20 Mott St.   ,Manhattan,New York,New York,20,Mott,St.,,,,20 Mott St.   ,,,Hang
10346,1313,1910,Trow,826,Restaurant,Hannelin Solomon,204 E Broadway   ,Manhattan,New York,New York,204,E,Broadway,,,,204 E Broadway   ,,,Hannelin
10347,1314,1910,Trow,826,Restaurant,Hanner David,135 Maiden La   ,Manhattan,New York,New York,135,Maiden,La,,,,135 Maiden La   ,,,Hanner
10348,1315,1910,Trow,826,Restaurant,Hanover Lunch,456 Broadway    ,Manhattan,New York,New York,456,Broadway,,,,,456 Broadway    ,,,Hanover
10349,1316,1910,Trow,826,Restaurant,Hanover Lunch,138  E 14 St. ,Manhattan,New York,New York,138,,E,14,,,138  E 14 St. ,St.,,Hanover
10350,1317,1910,Trow,826,Restaurant,Hanover Lunch,15 E 17 St.  ,Manhattan,New York,New York,15,E,17,St.,,,15 E 17 St.  ,,,Hanover
10351,1318,1910,Trow,826,Restaurant,Hanover Lunch,118 E 42 St.  ,Manhattan,New York,New York,118,E,42,St.,,,118 E 42 St.  ,,,Hanover
10352,1319,1910,Trow,826,Restaurant,Hanover Lunch,112 Pearl St.   ,Manhattan,New York,New York,112,Pearl,St.,,,,112 Pearl St.   ,,,Hanover
10353,1320,1910,Trow,826,Restaurant,Hanover Lunch,2858 3 Ave   ,Manhattan,New York,New York,2858,3,Ave,,,,2858 3 Ave   ,,,Hanover
10354,1321,1910,Trow,826,Restaurant,Hanover Lunch,196 W Broadway   ,Manhattan,New York,New York,196,W,Broadway,,,,196 W Broadway   ,,,Hanover
10355,1322,1910,Trow,826,Restaurant,Hanrahan Patrick J.,257 Avenue C    ,Manhattan,New York,New York,257,Avenue C,,,,,257 Avenue C    ,,,Hanrahan
10356,1323,1910,Trow,826,Restaurant,Harfst Carl B. ,205 Hudson St.   ,Manhattan,New York,New York,205,Hudson,St.,,,,205 Hudson St.   ,,,Harfst
10357,1324,1910,Trow,826,Restaurant,Harlem Casino,2083 7 Ave   ,Manhattan,New York,New York,2083,7,Ave,,,,2083 7 Ave   ,,,Harlem
10358,1325,1910,Trow,826,Restaurant,Harmatz Harry L.,87 Pitt St.   ,Manhattan,New York,New York,87,Pitt,St.,,,,87 Pitt St.   ,,,Harmatz
10359,1326,1910,Trow,826,Restaurant,Harris Louis,186 Madison St.   ,Manhattan,New York,New York,186,Madison,St.,,,,186 Madison St.   ,,,Harris
10360,1327,1910,Trow,826,Restaurant,Harris Morris,7 Eldridge St.   ,Manhattan,New York,New York,7,Eldridge,St.,,,,7 Eldridge St.   ,,,Harris
10361,1328,1910,Trow,826,Restaurant,Hart Isaac,222 W 62 St.  ,Manhattan,New York,New York,222,W,62,St.,,,222 W 62 St.  ,,,Hart
10362,1329,1910,Trow,826,Restaurant,Hart John L.,454 3 Ave   ,Manhattan,New York,New York,454,3,Ave,,,,454 3 Ave   ,,,Hart
10363,1330,1910,Trow,826,Restaurant,Hart Joseph,2066 2 Ave   ,Manhattan,New York,New York,2066,2,Ave,,,,2066 2 Ave   ,,,Hart
10364,1331,1910,Trow,826,Restaurant,Hartford Lunch Co.,1544 Broadway    ,Manhattan,New York,New York,1544,Broadway,,,,,1544 Broadway    ,,,Hartford
10365,1332,1910,Trow,826,Restaurant,Hartford Lunch Co.,1931 Broadway    ,Manhattan,New York,New York,1931,Broadway,,,,,1931 Broadway    ,,,Hartford
10366,1333,1910,Trow,826,Restaurant,Hartford Lunch Co.,1939 Broadway    ,Manhattan,New York,New York,1939,Broadway,,,,,1939 Broadway    ,,,Hartford
10367,1334,1910,Trow,826,Restaurant,Hartford Lunch Co.,1957 Broadway    ,Manhattan,New York,New York,1957,Broadway,,,,,1957 Broadway    ,,,Hartford
10368,1335,1910,Trow,826,Restaurant,Hartford Lunch Co.,2232 Broadway    ,Manhattan,New York,New York,2232,Broadway,,,,,2232 Broadway    ,,,Hartford
10369,1336,1910,Trow,826,Restaurant,Hartford Lunch Co.,2375 Broadway    ,Manhattan,New York,New York,2375,Broadway,,,,,2375 Broadway    ,,,Hartford
10370,1337,1910,Trow,826,Restaurant,Hartford Lunch Co.,2656 Broadway    ,Manhattan,New York,New York,2656,Broadway,,,,,2656 Broadway    ,,,Hartford
10371,1338,1910,Trow,826,Restaurant,Hartford Lunch Co.,420 Columbus Ave   ,Manhattan,New York,New York,420,Columbus,Ave,,,,420 Columbus Ave   ,,,Hartford
10372,1339,1910,Trow,826,Restaurant,Hartford Lunch Co.,45 E 8 St.  ,Manhattan,New York,New York,45,E,8,St.,,,45 E 8 St.  ,,,Hartford
10373,1340,1910,Trow,826,Restaurant,Hartford Lunch Co.,63 E 8 St.  ,Manhattan,New York,New York,63,E,8,St.,,,63 E 8 St.  ,,,Hartford
10374,1341,1910,Trow,826,Restaurant,Hartford Lunch Co.,22 E 42 St.  ,Manhattan,New York,New York,22,E,42,St.,,,22 E 42 St.  ,,,Hartford
10375,1342,1910,Trow,826,Restaurant,Hartford Lunch Co.,530 Willis Ave   ,Manhattan,New York,New York,530,Willis,Ave,,,,530 Willis Ave   ,,,Hartford
10376,1343,1910,Trow,826,Restaurant,Harvard Dairy Lunch Co,2734 8 Ave   ,Manhattan,New York,New York,2734,8,Ave,,,,2734 8 Ave   ,,,Harvard
10377,1344,1910,Trow,826,Restaurant,Harvard Lunch,194 Greenwich St.   ,Manhattan,New York,New York,194,Greenwich,St.,,,,194 Greenwich St.   ,,,Harvard
10378,1345,1910,Trow,826,Restaurant,Harvard Lunch,466 6 Ave   ,Manhattan,New York,New York,466,6,Ave,,,,466 6 Ave   ,,,Harvard
10379,1346,1910,Trow,826,Restaurant,Harvard Lunch,4220 3 Ave   ,Manhattan,New York,New York,4220,3,Ave,,,,4220 3 Ave   ,,,Harvard
10380,1347,1910,Trow,826,Restaurant,Harvard Lunch  Co,602 8 Ave   ,Manhattan,New York,New York,602,8,Ave,,,,602 8 Ave   ,,,Harvard
10381,1348,1910,Trow,826,Restaurant,Hassell Brothers,506 10 Ave   ,Manhattan,New York,New York,506,10,Ave,,,,506 10 Ave   ,,,Hassell
10382,1349,1910,Trow,826,Restaurant,Hauser Jacob,63 E 9 St.  ,Manhattan,New York,New York,63,E,9,St.,,,63 E 9 St.  ,,,Hauser
10383,1350,1910,Trow,826,Restaurant,Hausmann & Berry,8 Greene St.   ,Manhattan,New York,New York,8,Greene,St.,,,,8 Greene St.   ,,,Hausmann
10384,1351,1910,Trow,826,Restaurant,Hawkins Sarah,850 11 Ave   ,Manhattan,New York,New York,850,11,Ave,,,,850 11 Ave   ,,,Hawkins
10385,1352,1910,Trow,826,Restaurant,Haymowitz Paul,165 Eldridge St.   ,Manhattan,New York,New York,165,Eldridge,St.,,,,165 Eldridge St.   ,,,Haymowitz
10386,1353,1910,Trow,826,Restaurant,Hazeltine's (firm of),41 Broad St.   ,Manhattan,New York,New York,41,Broad,St.,,,,41 Broad St.   ,,,Hazeltine's
10387,1354,1910,Trow,826,Restaurant,Hazeltine's (firm of),19 E 59 St.  ,Manhattan,New York,New York,19,E,59,St.,,,19 E 59 St.  ,,,Hazeltine's
10388,1355,1910,Trow,826,Restaurant,Hazeltine's (firm of),150 E 86 St.  ,Manhattan,New York,New York,150,E,86,St.,,,150 E 86 St.  ,,,Hazeltine's
10389,1356,1910,Trow,826,Restaurant,Healy John,306 3 Ave   ,Manhattan,New York,New York,306,3,Ave,,,,306 3 Ave   ,,,Healy
10390,1357,1910,Trow,826,Restaurant,Healy Thomas J.,143 Columbus Ave   ,Manhattan,New York,New York,143,Columbus,Ave,,,,143 Columbus Ave   ,,,Healy
10391,1358,1910,Trow,826,Restaurant,Hechler Jacob ,94 Ludlow St.   ,Manhattan,New York,New York,94,Ludlow,St.,,,,94 Ludlow St.   ,,,Hechler
10392,1359,1910,Trow,826,Restaurant,Hecht Samuel,240 1 Ave   ,Manhattan,New York,New York,240,1,Ave,,,,240 1 Ave   ,,,Hecht
10393,1360,1910,Trow,826,Restaurant,Hechter & Greenberg,52 Stanton St.   ,Manhattan,New York,New York,52,Stanton,St.,,,,52 Stanton St.   ,,,Hechter
10394,1361,1910,Trow,826,Restaurant,Heidelbach John & Co,295 Greenwich St.   ,Manhattan,New York,New York,295,Greenwich,St.,,,,295 Greenwich St.   ,,,Heidelbach
10395,1362,1910,Trow,826,Restaurant,Heiden Taube ,177 Rivington St.   ,Manhattan,New York,New York,177,Rivington,St.,,,,177 Rivington St.   ,,,Heiden
10396,1363,1910,Trow,826,Restaurant,Heiderscheid John P.,678 11 Ave   ,Manhattan,New York,New York,678,11,Ave,,,,678 11 Ave   ,,,Heiderscheid
10397,1364,1910,Trow,826,Restaurant,Heimowitz Ignatz,470 E Houston St.  ,Manhattan,New York,New York,470,E,Houston,St.,,,470 E Houston St.  ,,,Heimowitz
10398,1365,1910,Trow,826,Restaurant,Heinicke & Koebel,573 Amsterdam Ave   ,Manhattan,New York,New York,573,Amsterdam,Ave,,,,573 Amsterdam Ave   ,,,Heinicke
10399,1366,1910,Trow,826,Restaurant,Heinnickel George,360 W 47 St.  ,Manhattan,New York,New York,360,W,47,St.,,,360 W 47 St.  ,,,Heinnickel
10400,1367,1910,Trow,826,Restaurant,Heinson John S.,113 John St.   ,Manhattan,New York,New York,113,John,St.,,,,113 John St.   ,,,Heinson
10401,1368,1910,Trow,826,Restaurant,Heissenbuttel Louis,111 Watts St.   ,Manhattan,New York,New York,111,Watts,St.,,,,111 Watts St.   ,,,Heissenbuttel
10402,1369,1910,Trow,826,Restaurant,Heller Anna,2303 8 Ave   ,Manhattan,New York,New York,2303,8,Ave,,,,2303 8 Ave   ,,,Heller
10403,1370,1910,Trow,826,Restaurant,Heller Max,129 3 Ave   ,Manhattan,New York,New York,129,3,Ave,,,,129 3 Ave   ,,,Heller
10404,1371,1910,Trow,826,Restaurant,Hellmuth Bertha,802 Washington St.   ,Manhattan,New York,New York,802,Washington,St.,,,,802 Washington St.   ,,,Hellmuth
10405,1372,1910,Trow,826,Restaurant,Henderson Washington ,331 W 59 St.  ,Manhattan,New York,New York,331,W,59,St.,,,331 W 59 St.  ,,,Henderson
10406,1373,1910,Trow,826,Restaurant,Henick Charles,138 Eldridge St.   ,Manhattan,New York,New York,138,Eldridge,St.,,,,138 Eldridge St.   ,,,Henick
10407,1374,1910,Trow,826,Restaurant,Henman George,303 W 34 St.  ,Manhattan,New York,New York,303,W,34,St.,,,303 W 34 St.  ,,,Henman
10408,1375,1910,Trow,826,Restaurant,Hennies John,1429 St. Nicholas Ave   ,Manhattan,New York,New York,1429,St. Nicholas,Ave,,,,1429 St. Nicholas Ave   ,,,Hennies
10409,1376,1910,Trow,826,Restaurant,Henri (firm of ) ,67 W 44 St.  ,Manhattan,New York,New York,67,W,44,St.,,,67 W 44 St.  ,,,Henri
10410,1377,1910,Trow,826,Restaurant,Henry Charles,68 W 135 St.  ,Manhattan,New York,New York,68,W,135,St.,,,68 W 135 St.  ,,,Henry
10411,1378,1910,Trow,826,Restaurant,Hepburn Restaurant Co,164 5 Ave   ,Manhattan,New York,New York,164,5,Ave,,,,164 5 Ave   ,,,Hepburn
10412,1379,1910,Trow,826,Restaurant,Herckmans Alfred,55 W 42 St.  ,Manhattan,New York,New York,55,W,42,St.,,,55 W 42 St.  ,,,Herckmans
10413,1380,1910,Trow,826,Restaurant,Herman Benjamin,749 6 Ave   ,Manhattan,New York,New York,749,6,Ave,,,,749 6 Ave   ,,,Herman
10414,1381,1910,Trow,826,Restaurant,Herman Samuel,642 3 Ave   ,Manhattan,New York,New York,642,3,Ave,,,,642 3 Ave   ,,,Herman
10415,1382,1910,Trow,826,Restaurant,Hermann George,436 E 14 St.  ,Manhattan,New York,New York,436,E,14,St.,,,436 E 14 St.  ,,,Hermann
10416,1383,1910,Trow,826,Restaurant,Hermann Israel,179 E Broadway   ,Manhattan,New York,New York,179,E,Broadway,,,,179 E Broadway   ,,,Hermann
10417,1384,1910,Trow,826,Restaurant,Hermann's (firm of),69 Liberty St.   ,Manhattan,New York,New York,69,Liberty,St.,,,,69 Liberty St.   ,,,Hermann's
10418,1385,1910,Trow,826,Restaurant,Hermida & Palos,192 Pearl St.   ,Manhattan,New York,New York,192,Pearl,St.,,,,192 Pearl St.   ,,,Hermida
10419,1386,1910,Trow,826,Restaurant,Herrick Julius,22 W Houston  St.  ,Manhattan,New York,New York,22,W,Houston ,St.,,,22 W Houston  St.  ,,,Herrick
10420,1387,1910,Trow,826,Restaurant,Herring Lewis,83 Park Row St.   ,Manhattan,New York,New York,83,Park Row,St.,,,,83 Park Row St.   ,,,Herring
10421,1388,1910,Trow,826,Restaurant,Herschel John,1301 3 Ave   ,Manhattan,New York,New York,1301,3,Ave,,,,1301 3 Ave   ,,,Herschel
10422,1389,1910,Trow,826,Restaurant,Herscovitz Frank,33 Wooster St.   ,Manhattan,New York,New York,33,Wooster,St.,,,,33 Wooster St.   ,,,Herscovitz
10423,1390,1910,Trow,826,Restaurant,Herskowitz Harry,292 Stanton St.   ,Manhattan,New York,New York,292,Stanton,St.,,,,292 Stanton St.   ,,,Herskowitz
10424,1391,1910,Trow,826,Restaurant,Herzka Max,40 W 28 St.  ,Manhattan,New York,New York,40,W,28,St.,,,40 W 28 St.  ,,,Herzka
10425,1392,1910,Trow,826,Restaurant,Herzog Edward,45 Franklin St.   ,Manhattan,New York,New York,45,Franklin,St.,,,,45 Franklin St.   ,,,Herzog
10426,1393,1910,Trow,826,Restaurant,Herzog Leon,2349 Broadway    ,Manhattan,New York,New York,2349,Broadway,,,,,2349 Broadway    ,,,Herzog
10427,1394,1910,Trow,826,Restaurant,Heumann Henry & Carl Kuppers,643 Broadway    ,Manhattan,New York,New York,643,Broadway,,,,,643 Broadway    ,,,Heumann
10428,1395,1910,Trow,826,Restaurant,Heyl & Noethen,9 W 19 St.  ,Manhattan,New York,New York,9,W,19,St.,,,9 W 19 St.  ,,,Heyl
10429,1396,1910,Trow,826,Restaurant,Heyman Max,52 W 21 St.  ,Manhattan,New York,New York,52,W,21,St.,,,52 W 21 St.  ,,,Heyman
10430,1397,1910,Trow,826,Restaurant,Heymann & Schepps ,810 6 Ave   ,Manhattan,New York,New York,810,6,Ave,,,,810 6 Ave   ,,,Heymann
10431,1398,1910,Trow,826,Restaurant,Hicks James,1041 6 Ave   ,Manhattan,New York,New York,1041,6,Ave,,,,1041 6 Ave   ,,,Hicks
10432,1399,1910,Trow,826,Restaurant,Hillebrand Henry,19 Lafayette St.   ,Manhattan,New York,New York,19,Lafayette,St.,,,,19 Lafayette St.   ,,,Hillebrand
10433,1400,1910,Trow,826,Restaurant,Hiller Adolph,736 Lexington Ave   ,Manhattan,New York,New York,736,Lexington,Ave,,,,736 Lexington Ave   ,,,Hiller
10434,1401,1910,Trow,826,Restaurant,Hills & Jacobi,267 W 33 St.  ,Manhattan,New York,New York,267,W,33,St.,,,267 W 33 St.  ,,,Hills
10435,1402,1910,Trow,826,Restaurant,Himmel Charles,53 W 19 St.  ,Manhattan,New York,New York,53,W,19,St.,,,53 W 19 St.  ,,,Himmel
10436,1403,1910,Trow,826,Restaurant,Hinos Peter,301 W 50 St.  ,Manhattan,New York,New York,301,W,50,St.,,,301 W 50 St.  ,,,Hinos
10437,1404,1910,Trow,826,Restaurant,Hinrichs Henry W.,1406 Avenue A    ,Manhattan,New York,New York,1406,Avenue A,,,,,1406 Avenue A    ,,,Hinrichs
10438,1405,1910,Trow,826,Restaurant,Hipfl Martin,237 7 Ave   ,Manhattan,New York,New York,237,7,Ave,,,,237 7 Ave   ,,,Hipfl
10439,1406,1910,Trow,826,Restaurant,Hirsch George L.,307 Amsterdam Ave   ,Manhattan,New York,New York,307,Amsterdam,Ave,,,,307 Amsterdam Ave   ,,,Hirsch
10440,1407,1910,Trow,826,Restaurant,Hirschhorn Isaac,278 Stanton St.   ,Manhattan,New York,New York,278,Stanton,St.,,,,278 Stanton St.   ,,,Hirschhorn
10441,1408,1910,Trow,826,Restaurant,Hirschman Ascher,62 Columbia St.   ,Manhattan,New York,New York,62,Columbia,St.,,,,62 Columbia St.   ,,,Hirschman
10442,1409,1910,Trow,826,Restaurant,Hirschman Mendel,477 E Houston  St.  ,Manhattan,New York,New York,477,E,Houston ,St.,,,477 E Houston  St.  ,,,Hirschman
10443,1410,1910,Trow,826,Restaurant,Hirsh Samuel,273 E Houston St.  ,Manhattan,New York,New York,273,E,Houston,St.,,,273 E Houston St.  ,,,Hirsh
10444,1411,1910,Trow,826,Restaurant,Hirtenstein Jacob,1425 2 Ave   ,Manhattan,New York,New York,1425,2,Ave,,,,1425 2 Ave   ,,,Hirtenstein
10445,1412,1910,Trow,826,Restaurant,Hitchcock Oliver N.,34 Park Row St.   ,Manhattan,New York,New York,34,Park Row,St.,,,,34 Park Row St.   ,,,Hitchcock
10446,1413,1910,Trow,826,Restaurant,Hitchcock Susanna B.,1145 3 Ave   ,Manhattan,New York,New York,1145,3,Ave,,,,1145 3 Ave   ,,,Hitchcock
10447,1414,1910,Trow,826,Restaurant,Hoberg L. & Co,119 3 Ave   ,Manhattan,New York,New York,119,3,Ave,,,,119 3 Ave   ,,,Hoberg
10448,1415,1910,Trow,826,Restaurant,Hocberg Max,32 W 19 St.  ,Manhattan,New York,New York,32,W,19,St.,,,32 W 19 St.  ,,,Hocberg
10449,1416,1910,Trow,826,Restaurant,Hoch Joseph,176 Lafayette St.   ,Manhattan,New York,New York,176,Lafayette,St.,,,,176 Lafayette St.   ,,,Hoch
10450,1417,1910,Trow,826,Restaurant,Hochberg Adolph,2143 Amsterdam  Ave   ,Manhattan,New York,New York,2143,Amsterdam ,Ave,,,,2143 Amsterdam  Ave   ,,,Hochberg
10451,1418,1910,Trow,826,Restaurant,Hochberg Harry,136 Broad St.   ,Manhattan,New York,New York,136,Broad,St.,,,,136 Broad St.   ,,,Hochberg
10452,1419,1910,Trow,826,Restaurant,Hochberg Herman,95 3 St.   ,Manhattan,New York,New York,95,3,St.,,,,95 3 St.   ,,,Hochberg
10453,1420,1910,Trow,826,Restaurant,Hochle George,171 E 86 St.  ,Manhattan,New York,New York,171,E,86,St.,,,171 E 86 St.  ,,,Hochle
10454,1421,1910,Trow,826,Restaurant,Hochman & Glassberg,101 W 42 St.  ,Manhattan,New York,New York,101,W,42,St.,,,101 W 42 St.  ,,,Hochman
10455,1422,1910,Trow,826,Restaurant,Hochstein Hyman ,145 Ludlow St.   ,Manhattan,New York,New York,145,Ludlow,St.,,,,145 Ludlow St.   ,,,Hochstein
10456,1423,1910,Trow,826,Chinese Restaurant,Hoe Ling,4215 3 Ave   ,Manhattan,New York,New York,4215,3,Ave,,,,4215 3 Ave   ,,,Hoe
10457,1424,1910,Trow,826,Restaurant,Hoffer August,508 11 Ave   ,Manhattan,New York,New York,508,11,Ave,,,,508 11 Ave   ,,,Hoffer
10458,1425,1910,Trow,826,Restaurant,Hoffman Benjamin,87 Ridge St.   ,Manhattan,New York,New York,87,Ridge,St.,,,,87 Ridge St.   ,,,Hoffman
10459,1426,1910,Trow,826,Restaurant,Hoffman Frank,117 Leonard St.   ,Manhattan,New York,New York,117,Leonard,St.,,,,117 Leonard St.   ,,,Hoffman
10460,1427,1910,Trow,826,Restaurant,Hoffman Vincent,1035 2 Ave   ,Manhattan,New York,New York,1035,2,Ave,,,,1035 2 Ave   ,,,Hoffman
10461,1428,1910,Trow,826,Restaurant,Hoffmann Alfred,237 Greenwich St.   ,Manhattan,New York,New York,237,Greenwich,St.,,,,237 Greenwich St.   ,,,Hoffmann
10462,1429,1910,Trow,826,Restaurant,Hogan Charles F.,873 Columbus  Ave   ,Manhattan,New York,New York,873,Columbus ,Ave,,,,873 Columbus  Ave   ,,,Hogan
10463,1430,1910,Trow,826,Restaurant,Hohne Charles,10 E 30 St.  ,Manhattan,New York,New York,10,E,30,St.,,,10 E 30 St.  ,,,Hohne
10464,1431,1910,Trow,826,Restaurant,Holbert Frank,12 Warren St.   ,Manhattan,New York,New York,12,Warren,St.,,,,12 Warren St.   ,,,Holbert
10465,1432,1910,Trow,826,Restaurant,Holbroth Co.,103 8 Ave   ,Manhattan,New York,New York,103,8,Ave,,,,103 8 Ave   ,,,Holbroth
10466,1433,1910,Trow,826,Restaurant,Holder Samuel,63 E 4 St.  ,Manhattan,New York,New York,63,E,4,St.,,,63 E 4 St.  ,,,Holder
10467,1434,1910,Trow,826,Restaurant,Holder Samuel,49 E 12 St.  ,Manhattan,New York,New York,49,E,12,St.,,,49 E 12 St.  ,,,Holder
10468,1435,1910,Trow,826,Restaurant,Holmes Frank C.,261 W 54 St.  ,Manhattan,New York,New York,261,W,54,St.,,,261 W 54 St.  ,,,Holmes
10469,1436,1910,Trow,826,Restaurant,Holtz & Freystedt Co (The),365 Broadway    ,Manhattan,New York,New York,365,Broadway,,,,,365 Broadway    ,,,Holtz
10470,1437,1910,Trow,826,Restaurant,Holtz & Freystedt Co (The),604 Broadway    ,Manhattan,New York,New York,604,Broadway,,,,,604 Broadway    ,,,Holtz
10471,1438,1910,Trow,826,Restaurant,Holtz & Freystedt Co (The),7 E 20 St.  ,Manhattan,New York,New York,7,E,20,St.,,,7 E 20 St.  ,,,Holtz
10472,1439,1910,Trow,826,Restaurant,Holtz & Freystedt Co (The),11 E 20 St.  ,Manhattan,New York,New York,11,E,20,St.,,,11 E 20 St.  ,,,Holtz
10473,1440,1910,Trow,826,Restaurant,Holtzman David,19 Fulton  St.   ,Manhattan,New York,New York,19,Fulton ,St.,,,,19 Fulton  St.   ,,,Holtzman
10474,1441,1910,Trow,826,Restaurant,Holtzman David,259 South St.   ,Manhattan,New York,New York,259,South,St.,,,,259 South St.   ,,,Holtzman
10475,1442,1910,Trow,826,Restaurant,Holz Louisa,151 Amsterdam Ave   ,Manhattan,New York,New York,151,Amsterdam,Ave,,,,151 Amsterdam Ave   ,,,Holz
10476,1443,1910,Trow,826,Restaurant,Holzner Jacob,109 4 Ave   ,Manhattan,New York,New York,109,4,Ave,,,,109 4 Ave   ,,,Holzner
10477,1444,1910,Trow,826,Chinese Restaurant,Hong Chong,482 8 Ave   ,Manhattan,New York,New York,482,8,Ave,,,,482 8 Ave   ,,,Hong
10478,1445,1910,Trow,826,Restaurant,Honig Jacob,90 Attorney St.   ,Manhattan,New York,New York,90,Attorney,St.,,,,90 Attorney St.   ,,,Honig
10479,1446,1910,Trow,826,Chinese Restaurant,Hop Sing ,11 Pell St.   ,Manhattan,New York,New York,11,Pell,St.,,,,11 Pell St.   ,,,Hop
10480,1447,1910,Trow,826,Restaurant,Hor Ignatz,1629 1 Ave   ,Manhattan,New York,New York,1629,1,Ave,,,,1629 1 Ave   ,,,Hor
10481,1448,1910,Trow,826,Restaurant,Horn & Stein,3 Wooster St.   ,Manhattan,New York,New York,3,Wooster,St.,,,,3 Wooster St.   ,,,Horn
10482,1449,1910,Trow,826,Restaurant,Horn & Stein,168 E Houston St.  ,Manhattan,New York,New York,168,E,Houston,St.,,,168 E Houston St.  ,,,Horn
10483,1450,1910,Trow,826,Restaurant,Horowitz Isaac,18 Bleecker St.   ,Manhattan,New York,New York,18,Bleecker,St.,,,,18 Bleecker St.   ,,,Horowitz
10484,1451,1910,Trow,826,Restaurant,Horowitz Morris,148 Madison St.   ,Manhattan,New York,New York,148,Madison,St.,,,,148 Madison St.   ,,,Horowitz
10485,1452,1910,Trow,826,Restaurant,Horowitz Samuel,27 E Houston  St.  ,Manhattan,New York,New York,27,E,Houston ,St.,,,27 E Houston  St.  ,,,Horowitz
10486,1453,1910,Trow,826,Restaurant,Horowitz Samuel L.,117 Monroe St.   ,Manhattan,New York,New York,117,Monroe,St.,,,,117 Monroe St.   ,,,Horowitz
10487,1454,1910,Trow,826,Restaurant,Horowitz Brothers,39 Vesey St.   ,Manhattan,New York,New York,39,Vesey,St.,,,,39 Vesey St.   ,,,Horowitz
10488,1455,1910,Trow,826,Restaurant,Horwitz Max,91 Broad St.   ,Manhattan,New York,New York,91,Broad,St.,,,,91 Broad St.   ,,,Horwitz
10489,1456,1910,Trow,826,Restaurant,Hotel Lucerne & Restaurant Co,201 W 79 St.  ,Manhattan,New York,New York,201,W,79,St.,,,201 W 79 St.  ,,,Hotel
10490,1457,1910,Trow,826,Restaurant,Hotel Woodward,1728 Broadway    ,Manhattan,New York,New York,1728,Broadway,,,,,1728 Broadway    ,,,Hotel
10491,1458,1910,Trow,826,Restaurant,Howes John F.,604 Amsterdam Ave   ,Manhattan,New York,New York,604,Amsterdam,Ave,,,,604 Amsterdam Ave   ,,,Howes
10492,1459,1910,Trow,826,Restaurant,Huber Charles,246 Avenue A    ,Manhattan,New York,New York,246,Avenue A,,,,,246 Avenue A    ,,,Huber
10493,1460,1910,Trow,826,Restaurant,Huber George H.,1919 7 Ave   ,Manhattan,New York,New York,1919,7,Ave,,,,1919 7 Ave   ,,,Huber
10494,1461,1910,Trow,826,Restaurant,Hudesblatt Hyman,2031 2 Ave   ,Manhattan,New York,New York,2031,2,Ave,,,,2031 2 Ave   ,,,Hudesblatt
10495,1462,1910,Trow,826,Restaurant,Hudgins & Dumas,Ellis Island     ,Manhattan,New York,New York,Ellis Island,,,,,,Ellis Island     ,,,Hudgins
10496,1463,1910,Trow,826,Restaurant,Hudson Lunch ,410 6 Ave   ,Manhattan,New York,New York,410,6,Ave,,,,410 6 Ave   ,,,Hudson
10497,1464,1910,Trow,826,Restaurant,Huftle August,416 Greenwich St.   ,Manhattan,New York,New York,416,Greenwich,St.,,,,416 Greenwich St.   ,,,Huftle
10498,1465,1910,Trow,826,Restaurant,Hug Ernest R.,165 W 23 St.  ,Manhattan,New York,New York,165,W,23,St.,,,165 W 23 St.  ,,,Hug
10499,1466,1910,Trow,826,Restaurant,Hulsebosch Albert,51 Greenwich St.   ,Manhattan,New York,New York,51,Greenwich,St.,,,,51 Greenwich St.   ,,,Hulsebosch
10500,1467,1910,Trow,826,Restaurant,Humborg Brothers,1006 Forest  Ave   ,Manhattan,New York,New York,1006,Forest ,Ave,,,,1006 Forest  Ave   ,,,Humborg
10501,1468,1910,Trow,826,Restaurant,Hunderfund Phoebe,540 W 55 St.  ,Manhattan,New York,New York,540,W,55,St.,,,540 W 55 St.  ,,,Hunderfund
10502,1469,1910,Trow,826,Restaurant,Hundt Ernestine,409 E 92 St.  ,Manhattan,New York,New York,409,E,92,St.,,,409 E 92 St.  ,,,Hundt
10503,1470,1910,Trow,826,Restaurant,Hungarian Restaurant Co,156 2 Ave   ,Manhattan,New York,New York,156,2,Ave,,,,156 2 Ave   ,,,Hungarian
10504,1471,1910,Trow,826,Restaurant,Huntley Lunch Co,87 Maiden  La   ,Manhattan,New York,New York,87,Maiden ,La,,,,87 Maiden  La   ,,,Huntley
10505,1472,1910,Trow,826,Restaurant,Hurdus Max,369 Lafayette St.   ,Manhattan,New York,New York,369,Lafayette,St.,,,,369 Lafayette St.   ,,,Hurdus
10506,1473,1910,Trow,826,Restaurant,Hurst Michael,156 Bowery St.   ,Manhattan,New York,New York,156,Bowery,St.,,,,156 Bowery St.   ,,,Hurst
10507,1474,1910,Trow,826,Restaurant,Hurwitz Max,203 Division St.   ,Manhattan,New York,New York,203,Division,St.,,,,203 Division St.   ,,,Hurwitz
10508,1475,1910,Trow,826,Restaurant,Husemann John,238 8 Ave   ,Manhattan,New York,New York,238,8,Ave,,,,238 8 Ave   ,,,Husemann
10509,1476,1910,Trow,826,Restaurant,Hutchinson Henry,812 8 Ave   ,Manhattan,New York,New York,812,8,Ave,,,,812 8 Ave   ,,,Hutchinson
10510,1477,1910,Trow,826,Restaurant,Hygrade Lunch Co,330 6 Ave   ,Manhattan,New York,New York,330,6,Ave,,,,330 6 Ave   ,,,Hygrade
10511,1478,1910,Trow,826,Restaurant,Hytone Lunch Co,100 E 30 St.  ,Manhattan,New York,New York,100,E,30,St.,,,100 E 30 St.  ,,,Hytone
10512,1479,1910,Trow,826,Restaurant,Hytone Lunch Co,23 E 23 St.  ,Manhattan,New York,New York,23,E,23,St.,,,23 E 23 St.  ,,,Hytone
10513,1480,1910,Trow,826,Restaurant,Hytone Lunch Co,27 E 27 St.  ,Manhattan,New York,New York,27,E,27,St.,,,27 E 27 St.  ,,,Hytone
10514,1481,1910,Trow,826,Restaurant,Hytone Lunch Co,1554 Broadway    ,Manhattan,New York,New York,1554,Broadway,,,,,1554 Broadway    ,,,Hytone
10515,1482,1910,Trow,826,Restaurant,Hytone Lunch Co,130 Fulton St.   ,Manhattan,New York,New York,130,Fulton,St.,,,,130 Fulton St.   ,,,Hytone
10516,1483,1910,Trow,826,Restaurant,Ideal Lunch,3535.5 Broadway    ,Manhattan,New York,New York,3535.5,Broadway,,,,,3535 Broadway    ,,,Ideal
10517,1484,1910,Trow,826,Restaurant,Idinger George,227 10 Ave   ,Manhattan,New York,New York,227,10,Ave,,,,227 10 Ave   ,,,Idinger
10518,1485,1910,Trow,826,Restaurant,Ierossi Romasso,157 Mott St.   ,Manhattan,New York,New York,157,Mott,St.,,,,157 Mott St.   ,,,Ierossi
10519,1486,1910,Trow,826,Restaurant,Iliescu John,337 5 St.   ,Manhattan,New York,New York,337,5,St.,,,,337 5 St.   ,,,Iliescu
10520,1487,1910,Trow,826,Restaurant,Ilk John ,201 Avenue C    ,Manhattan,New York,New York,201,Avenue C,,,,,201 Avenue C    ,,,Ilk
10521,1488,1910,Trow,826,Restaurant,Ilorits & Elkowitz,14 E 13 St.  ,Manhattan,New York,New York,14,E,13,St.,,,14 E 13 St.  ,,,Ilorits
10522,1489,1910,Trow,826,Restaurant,Immerman Sholom,87 Henry St.   ,Manhattan,New York,New York,87,Henry,St.,,,,87 Henry St.   ,,,Immerman
10523,1490,1910,Trow,826,Chinese Restaurant,Imperial Chinese Restaurant ,517 Lenox Ave   ,Manhattan,New York,New York,517,Lenox,Ave,,,,517 Lenox Ave   ,,,Imperial
10524,1491,1910,Trow,826,Restaurant,Imperial Lunch,164 W 23 St.  ,Manhattan,New York,New York,164,W,23,St.,,,164 W 23 St.  ,,,Imperial
10525,1492,1910,Trow,826,Restaurant,Industrial Christian Alliance,170 Bleecker St.   ,Manhattan,New York,New York,170,Bleecker,St.,,,,170 Bleecker St.   ,,,Industrial
10526,1493,1910,Trow,826,Restaurant,Ingraham Margaret ,1084 Amsterdam Ave   ,Manhattan,New York,New York,1084,Amsterdam,Ave,,,,1084 Amsterdam Ave   ,,,Ingraham
10527,1494,1910,Trow,826,Restaurant,Innd Thomas C.,42 John St.   ,Manhattan,New York,New York,42,John,St.,,,,42 John St.   ,,,Innd
10528,1495,1910,Trow,826,Restaurant,Interborough Dairy Lunch Co.,8 Dey St.   ,Manhattan,New York,New York,8,Dey,St.,,,,8 Dey St.   ,,,Interborough
10529,1496,1910,Trow,826,Restaurant,Interborough Dairy Lunch Co.,1695 Broadway    ,Manhattan,New York,New York,1695,Broadway,,,,,1695 Broadway    ,,,Interborough
10530,1497,1910,Trow,826,Restaurant,Interborough Dairy Lunch Co.,622 Columbus Ave   ,Manhattan,New York,New York,622,Columbus,Ave,,,,622 Columbus Ave   ,,,Interborough
10531,1498,1910,Trow,826,Restaurant,Interborough Dairy Lunch Co.,404 E 149 St.  ,Manhattan,New York,New York,404,E,149,St.,,,404 E 149 St.  ,,,Interborough
10532,1499,1910,Trow,826,Restaurant,Interborough Dairy Lunch Co.,199 6 Ave   ,Manhattan,New York,New York,199,6,Ave,,,,199 6 Ave   ,,,Interborough
10533,1500,1910,Trow,826,Restaurant,Irving Charles S. ,107 Water St.   ,Manhattan,New York,New York,107,Water,St.,,,,107 Water St.   ,,,Irving
10534,1501,1910,Trow,826,Restaurant,Isaacson Louis,74 Delancey St.   ,Manhattan,New York,New York,74,Delancey,St.,,,,74 Delancey St.   ,,,Isaacson
10535,1502,1910,Trow,826,Restaurant,Iskenderian Misak G. ,27 E 24 St.  ,Manhattan,New York,New York,27,E,24,St.,,,27 E 24 St.  ,,,Iskenderian
10536,1503,1910,Trow,826,Restaurant,Ismay Joseph F.,79 Maiden La   ,Manhattan,New York,New York,79,Maiden,La,,,,79 Maiden La   ,,,Ismay
10537,1504,1910,Trow,826,Restaurant,Isola John,77 Church  St.   ,Manhattan,New York,New York,77,Church ,St.,,,,77 Church  St.   ,,,Isola
10538,1505,1910,Trow,826,Restaurant,Isqur & Rappaport,36 W 13 St.  ,Manhattan,New York,New York,36,W,13,St.,,,36 W 13 St.  ,,,Isqur
10539,1506,1910,Trow,826,Restaurant,Issakson Abraham ,84 Delancey St.   ,Manhattan,New York,New York,84,Delancey,St.,,,,84 Delancey St.   ,,,Issakson
10540,1507,1910,Trow,826,Restaurant,Ivanicky Peter,218 3 St.   ,Manhattan,New York,New York,218,3,St.,,,,218 3 St.   ,,,Ivanicky
10541,1508,1910,Trow,826,Restaurant,Jack & Co,2141 8 Ave   ,Manhattan,New York,New York,2141,8,Ave,,,,2141 8 Ave   ,,,Jack
10542,1509,1910,Trow,826,Restaurant,Jack's (inc) ,759 6 Ave   ,Manhattan,New York,New York,759,6,Ave,,,,759 6 Ave   ,,,Jack's
10543,1510,1910,Trow,826,Restaurant,Jackson David,71 W 99 St.  ,Manhattan,New York,New York,71,W,99,St.,,,71 W 99 St.  ,,,Jackson
10544,1511,1910,Trow,826,Restaurant,Jackson Edward,163 W 27 St.  ,Manhattan,New York,New York,163,W,27,St.,,,163 W 27 St.  ,,,Jackson
10545,1512,1910,Trow,826,Restaurant,Jackson W. S. ,51 Liberty St.   ,Manhattan,New York,New York,51,Liberty,St.,,,,51 Liberty St.   ,,,Jackson
10546,1513,1910,Trow,826,Restaurant,Jacobs David,300 2 St.   ,Manhattan,New York,New York,300,2,St.,,,,300 2 St.   ,,,Jacobs
10547,1514,1910,Trow,826,Restaurant,Jacobs Hyman,89 Hester St.   ,Manhattan,New York,New York,89,Hester,St.,,,,89 Hester St.   ,,,Jacobs
10548,1515,1910,Trow,826,Restaurant,Jacobs James,Central Park opposite E 65 St. ,Manhattan,New York,New York,Central Park,opposite,E,65,,,Central Park opposite E 65 St. ,St.,,Jacobs
10549,1516,1910,Trow,826,Restaurant,Jacobs John W.,665 11 Ave   ,Manhattan,New York,New York,665,11,Ave,,,,665 11 Ave   ,,,Jacobs
10550,1517,1910,Trow,826,Restaurant,Jacobs Louis,65 Columbus Ave   ,Manhattan,New York,New York,65,Columbus,Ave,,,,65 Columbus Ave   ,,,Jacobs
10551,1518,1910,Trow,826,Restaurant,Jacobs & Feit,119 St. Mark's Pl   ,Manhattan,New York,New York,119,St. Mark's,Pl,,,,119 St. Mark's Pl   ,,,Jacobs
10552,1519,1910,Trow,826,Restaurant,Jacobson Harry,119 W 17 St.  ,Manhattan,New York,New York,119,W,17,St.,,,119 W 17 St.  ,,,Jacobson
10553,1520,1910,Trow,826,Restaurant,Jacobson Samuel,43 Rutgers St.   ,Manhattan,New York,New York,43,Rutgers,St.,,,,43 Rutgers St.   ,,,Jacobson
10554,1521,1910,Trow,826,Restaurant,Jacovitz Reuben,86 West St.   ,Manhattan,New York,New York,86,West,St.,,,,86 West St.   ,,,Jacovitz
10555,1522,1910,Trow,826,Restaurant,Jaeger Charles,c  Ft Washn  Ave  &  W 162,Manhattan,New York,New York,c ,Ft Washn ,Ave ,& ,,,c  Ft Washn  Ave  &  W 162,W,162,Jaeger
10556,1523,1910,Trow,826,Restaurant,Jaeger Thomas,1764 Avenue A    ,Manhattan,New York,New York,1764,Avenue A,,,,,1764 Avenue A    ,,,Jaeger
10557,1524,1910,Trow,826,Restaurant,Jaffe Solomon,103 Allen St.   ,Manhattan,New York,New York,103,Allen,St.,,,,103 Allen St.   ,,,Jaffe
10558,1525,1910,Trow,826,Restaurant,Jake & Louis,387 Lafayette St.   ,Manhattan,New York,New York,387,Lafayette,St.,,,,387 Lafayette St.   ,,,Jake
10559,1526,1910,Trow,826,Restaurant,James Alfred,97 Avenue A    ,Manhattan,New York,New York,97,Avenue A,,,,,97 Avenue A    ,,,James
10560,1527,1910,Trow,826,Restaurant,James & Blumenfeld,67 Eldridge St.   ,Manhattan,New York,New York,67,Eldridge,St.,,,,67 Eldridge St.   ,,,James
10561,1528,1910,Trow,826,Restaurant,Janover Isidor,206 Delancey St.   ,Manhattan,New York,New York,206,Delancey,St.,,,,206 Delancey St.   ,,,Janover
10562,1529,1910,Trow,826,Restaurant,Jansen John ,1381 Crotona Ave   ,Manhattan,New York,New York,1381,Crotona,Ave,,,,1381 Crotona Ave   ,,,Jansen
10563,1530,1910,Trow,826,Restaurant,Janssen August,34 W 30 St.  ,Manhattan,New York,New York,34,W,30,St.,,,34 W 30 St.  ,,,Janssen
10564,1531,1910,Trow,826,Restaurant,Jefferson Café,55 Avenue C    ,Manhattan,New York,New York,55,Avenue C,,,,,55 Avenue C    ,,,Jefferson
10565,1532,1910,Trow,826,Restaurant,Jefferson Elizabeth,210 E 119 St.  ,Manhattan,New York,New York,210,E,119,St.,,,210 E 119 St.  ,,,Jefferson
10566,1533,1910,Trow,826,Restaurant,Jehle & Sperber,31 John St.   ,Manhattan,New York,New York,31,John,St.,,,,31 John St.   ,,,Jehle
10567,1534,1910,Trow,826,Restaurant,Jensen Oliver,734 Lexington Ave   ,Manhattan,New York,New York,734,Lexington,Ave,,,,734 Lexington Ave   ,,,Jensen
10568,1535,1910,Trow,826,Restaurant,Jobert George A.,66 Broadway    ,Manhattan,New York,New York,66,Broadway,,,,,66 Broadway    ,,,Jobert
10569,1536,1910,Trow,826,Restaurant,Jobert George A.,17 New  St.   ,Manhattan,New York,New York,17,New ,St.,,,,17 New  St.   ,,,Jobert
10570,1537,1910,Trow,826,?,Joe Hen,13 Doyers St.   ,Manhattan,New York,New York,13,Doyers,St.,,,,13 Doyers St.   ,,,Joe
10571,1538,1910,Trow,826,Restaurant,Joe's Restaurant,141 4 Ave   ,Manhattan,New York,New York,141,4,Ave,,,,141 4 Ave   ,,,Joe's
10572,1539,1910,Trow,826,Restaurant,Joe's Restaurant,82 3 Ave    ,Manhattan,New York,New York,82,3,Ave ,,,,82 3 Ave    ,,,Joe's
10573,1540,1910,Trow,826,Restaurant,Joe's Restaurant,1519 3 Ave   ,Manhattan,New York,New York,1519,3,Ave,,,,1519 3 Ave   ,,,Joe's
10574,1541,1910,Trow,826,Restaurant,John's Combination Coffee House,582 10 Ave   ,Manhattan,New York,New York,582,10,Ave,,,,582 10 Ave   ,,,John's
10575,1542,1910,Trow,826,Restaurant,Johnsen William ,29 Frankfort St.   ,Manhattan,New York,New York,29,Frankfort,St.,,,,29 Frankfort St.   ,,,Johnsen
10576,1543,1910,Trow,826,Restaurant,Johnson A. M.,239 W 53 St.  ,Manhattan,New York,New York,239,W,53,St.,,,239 W 53 St.  ,,,Johnson
10577,1544,1910,Trow,826,Restaurant,Johnson David,315 Lenox Ave   ,Manhattan,New York,New York,315,Lenox,Ave,,,,315 Lenox Ave   ,,,Johnson
10578,1545,1910,Trow,826,Restaurant,Johnson Ernest G. ,212 W 61 St.  ,Manhattan,New York,New York,212,W,61,St.,,,212 W 61 St.  ,,,Johnson
10579,1546,1910,Trow,826,Restaurant,Johnson Martin C.,122 W 134 St.  ,Manhattan,New York,New York,122,W,134,St.,,,122 W 134 St.  ,,,Johnson
10580,1547,1910,Trow,826,Restaurant,Johnson Silvier,346 W 59 St.  ,Manhattan,New York,New York,346,W,59,St.,,,346 W 59 St.  ,,,Johnson
10581,1548,1910,Trow,826,Restaurant,Johnson William ,300 E 23 St.  ,Manhattan,New York,New York,300,E,23,St.,,,300 E 23 St.  ,,,Johnson
10582,1549,1910,Trow,826,Restaurant,Johnson William H.,19 W 133 St.  ,Manhattan,New York,New York,19,W,133,St.,,,19 W 133 St.  ,,,Johnson
10583,1550,1910,Trow,826,Restaurant,Johnson & Henderson ,54 W 133 St.  ,Manhattan,New York,New York,54,W,133,St.,,,54 W 133 St.  ,,,Johnson
10584,1551,1910,Trow,826,Restaurant,Jones Henry,2493 2 Ave   ,Manhattan,New York,New York,2493,2,Ave,,,,2493 2 Ave   ,,,Jones
10585,1552,1910,Trow,826,Restaurant,Jones Michael,137 W 33 St.  ,Manhattan,New York,New York,137,W,33,St.,,,137 W 33 St.  ,,,Jones
10586,1553,1910,Trow,826,Restaurant,Jonquin Restaurant ,12 Reade St.   ,Manhattan,New York,New York,12,Reade,St.,,,,12 Reade St.   ,,,Jonquin
10587,1554,1910,Trow,826,Restaurant,Joseph Henry,137 Park Row St.   ,Manhattan,New York,New York,137,Park Row,St.,,,,137 Park Row St.   ,,,Joseph
10588,1555,1910,Trow,826,Restaurant,Josephowitz Max,137 W 33 St.  ,Manhattan,New York,New York,137,W,33,St.,,,137 W 33 St.  ,,,Josephowitz
10589,1556,1910,Trow,826,Restaurant,Josephson Joseph,78 Avenue B    ,Manhattan,New York,New York,78,Avenue B,,,,,78 Avenue B    ,,,Josephson
10590,1557,1910,Trow,826,Restaurant,Josztich Rudolph ,159 E 4 St.  ,Manhattan,New York,New York,159,E,4,St.,,,159 E 4 St.  ,,,Josztich
10591,1558,1910,Trow,826,Restaurant,Joubert Joseph H.,152 W 45 St.  ,Manhattan,New York,New York,152,W,45,St.,,,152 W 45 St.  ,,,Joubert
10592,1559,1910,Trow,826,Restaurant,Jourdan C. & F. ,41 W 21 St.  ,Manhattan,New York,New York,41,W,21,St.,,,41 W 21 St.  ,,,Jourdan
10593,1560,1910,Trow,826,Restaurant,Jugelois Antones,685 6 Ave   ,Manhattan,New York,New York,685,6,Ave,,,,685 6 Ave   ,,,Jugelois
10594,1561,1910,Trow,826,Restaurant,Kacalitris Peter,110 W 135 St.  ,Manhattan,New York,New York,110,W,135,St.,,,110 W 135 St.  ,,,Kacalitris
10595,1562,1910,Trow,826,Restaurant,Kachehtes Brothers,10 W 17 St.  ,Manhattan,New York,New York,10,W,17,St.,,,10 W 17 St.  ,,,Kachehtes
10596,1563,1910,Trow,826,Restaurant,Kecitertin August,148 W 22 St.  ,Manhattan,New York,New York,148,W,22,St.,,,148 W 22 St.  ,,,Kecitertin
10597,1564,1910,Trow,826,Restaurant,Kaden Herman,838 8 Ave   ,Manhattan,New York,New York,838,8,Ave,,,,838 8 Ave   ,,,Kaden
10598,1565,1910,Trow,826,Restaurant,Kahaner Joseph,8 1 Ave   ,Manhattan,New York,New York,8,1,Ave,,,,8 1 Ave   ,,,Kahaner
10599,1566,1910,Trow,826,Restaurant,Kahn Charles I. ,3316 3 Ave   ,Manhattan,New York,New York,3316,3,Ave,,,,3316 3 Ave   ,,,Kahn
10600,1567,1910,Trow,826,Restaurant,Kahn Samuel ,343 Broome St.   ,Manhattan,New York,New York,343,Broome,St.,,,,343 Broome St.   ,,,Kahn
10601,1568,1910,Trow,826,Restaurant,Kahn Theodore,560 W 42 St.  ,Manhattan,New York,New York,560,W,42,St.,,,560 W 42 St.  ,,,Kahn
10602,1569,1910,Trow,826,Restaurant,Kahnsky George,112 W 17 St.  ,Manhattan,New York,New York,112,W,17,St.,,,112 W 17 St.  ,,,Kahnsky
10603,1570,1910,Trow,826,Restaurant,Kaifer Trink,522 1 Ave   ,Manhattan,New York,New York,522,1,Ave,,,,522 1 Ave   ,,,Kaifer
10604,1571,1910,Trow,826,Restaurant,Kailing Harry,150 Lafayette St.   ,Manhattan,New York,New York,150,Lafayette,St.,,,,150 Lafayette St.   ,,,Kailing
10605,1572,1910,Trow,826,Restaurant,Kain Wolf ,30 E 13 St.  ,Manhattan,New York,New York,30,E,13,St.,,,30 E 13 St.  ,,,Kain
10606,1573,1910,Trow,826,Restaurant,Kale Felix,900 Freeman St.   ,Manhattan,New York,New York,900,Freeman,St.,,,,900 Freeman St.   ,,,Kale
10607,1574,1910,Trow,826,Restaurant,Kalil's Restaurant,16 Park  Pl   ,Manhattan,New York,New York,16,Park ,Pl,,,,16 Park  Pl   ,,,Kalil's
10608,1575,1910,Trow,826,Restaurant,Kallman Harry,360 Canal St.   ,Manhattan,New York,New York,360,Canal,St.,,,,360 Canal St.   ,,,Kallman
10609,1576,1910,Trow,826,Restaurant,Kalmous Wolf,104 Allen St.   ,Manhattan,New York,New York,104,Allen,St.,,,,104 Allen St.   ,,,Kalmous
10610,1577,1910,Trow,826,Restaurant,Kaltman & Adelson ,210 Broadway    ,Manhattan,New York,New York,210,Broadway,,,,,210 Broadway    ,,,Kaltman
10611,1578,1910,Trow,826,Restaurant,Kamil Rifka,250 Broome St.   ,Manhattan,New York,New York,250,Broome,St.,,,,250 Broome St.   ,,,Kamil
10612,1579,1910,Trow,826,Restaurant,Kaminsky Brothers ,174 6 Ave   ,Manhattan,New York,New York,174,6,Ave,,,,174 6 Ave   ,,,Kaminsky
10613,1580,1910,Trow,826,Restaurant,Kammenzino M,1873 2 Ave   ,Manhattan,New York,New York,1873,2,Ave,,,,1873 2 Ave   ,,,Kammenzino
10614,1581,1910,Trow,826,Restaurant,Kammerer Frederick,21 Coenties Sl   ,Manhattan,New York,New York,21,Coenties,Sl,,,,21 Coenties Sl   ,,,Kammerer
10615,1582,1910,Trow,826,Restaurant,Kandel Moritz,1398 2 Ave   ,Manhattan,New York,New York,1398,2,Ave,,,,1398 2 Ave   ,,,Kandel
10616,1583,1910,Trow,826,Restaurant,Kane Abigail E.,32 Greenwich St.   ,Manhattan,New York,New York,32,Greenwich,St.,,,,32 Greenwich St.   ,,,Kane
10617,1584,1910,Trow,826,Restaurant,Kanfer Samuel,81 Ludlow St.   ,Manhattan,New York,New York,81,Ludlow,St.,,,,81 Ludlow St.   ,,,Kanfer
10618,1585,1910,Trow,826,Restaurant,Kann Max,147 E 84 St.  ,Manhattan,New York,New York,147,E,84,St.,,,147 E 84 St.  ,,,Kann
10619,1586,1910,Trow,826,Restaurant,Kanokos George,359 W 40 St.  ,Manhattan,New York,New York,359,W,40,St.,,,359 W 40 St.  ,,,Kanokos
10620,1587,1910,Trow,826,Restaurant,Kantorowitz Max,22 Rivington St.   ,Manhattan,New York,New York,22,Rivington,St.,,,,22 Rivington St.   ,,,Kantorowitz
10621,1588,1910,Trow,826,Restaurant,Kantrovitz Teba,55 Hester St.   ,Manhattan,New York,New York,55,Hester,St.,,,,55 Hester St.   ,,,Kantrovitz
10622,1589,1910,Trow,826,Restaurant,Kapeneioy Eizoaoz,104 W 40 St.  ,Manhattan,New York,New York,104,W,40,St.,,,104 W 40 St.  ,,,Kapeneioy
10623,1590,1910,Trow,826,Restaurant,Kaplan Joseph,865 6 Ave   ,Manhattan,New York,New York,865,6,Ave,,,,865 6 Ave   ,,,Kaplan
10624,1591,1910,Trow,826,Restaurant,Kaplan Louis,208 3 Ave   ,Manhattan,New York,New York,208,3,Ave,,,,208 3 Ave   ,,,Kaplan
10625,1592,1910,Trow,826,Restaurant,Kaplan Tobias,24 E 8 St.  ,Manhattan,New York,New York,24,E,8,St.,,,24 E 8 St.  ,,,Kaplan
10626,1593,1910,Trow,826,Restaurant,Kapustynski A.,241 3 St.   ,Manhattan,New York,New York,241,3,St.,,,,241 3 St.   ,,,Kapustynski
10627,1594,1910,Trow,826,Restaurant,Karagianacos Peter ,5 Battery  Pl   ,Manhattan,New York,New York,5,Battery ,Pl,,,,5 Battery  Pl   ,,,Karagianacos
10628,1595,1910,Trow,826,Restaurant,Karger Anne,405 6 Ave   ,Manhattan,New York,New York,405,6,Ave,,,,405 6 Ave   ,,,Karger
10629,1596,1910,Trow,826,Restaurant,Karnsky Isaac,95 Henry St.   ,Manhattan,New York,New York,95,Henry,St.,,,,95 Henry St.   ,,,Karnsky
10630,1597,1910,Trow,826,Restaurant,Karp Alter,78 Forsyth St.   ,Manhattan,New York,New York,78,Forsyth,St.,,,,78 Forsyth St.   ,,,Karp
10631,1598,1910,Trow,826,Restaurant,Karpf Abraham,295 Broome St.   ,Manhattan,New York,New York,295,Broome,St.,,,,295 Broome St.   ,,,Karpf
10632,1599,1910,Trow,826,Restaurant,Karwacki Joseph,168 Norfolk St.   ,Manhattan,New York,New York,168,Norfolk,St.,,,,168 Norfolk St.   ,,,Karwacki
10633,1600,1910,Trow,826,Restaurant,Kasig Herman A.,1238 2 Ave   ,Manhattan,New York,New York,1238,2,Ave,,,,1238 2 Ave   ,,,Kasig
10634,1601,1910,Trow,826,Restaurant,Kaslovsky Wolf,168 Lewis St.   ,Manhattan,New York,New York,168,Lewis,St.,,,,168 Lewis St.   ,,,Kaslovsky
10635,1602,1910,Trow,826,Restaurant,Kasner Samuel,5 E 14 St.  ,Manhattan,New York,New York,5,E,14,St.,,,5 E 14 St.  ,,,Kasner
10636,1603,1910,Trow,826,Restaurant,Kastner Max,92 2 Ave   ,Manhattan,New York,New York,92,2,Ave,,,,92 2 Ave   ,,,Kastner
10637,1604,1910,Trow,826,Restaurant,Katos Kost,1581 3 Ave   ,Manhattan,New York,New York,1581,3,Ave,,,,1581 3 Ave   ,,,Katos
10638,1605,1910,Trow,826,Restaurant,Katz David,798 10 Ave   ,Manhattan,New York,New York,798,10,Ave,,,,798 10 Ave   ,,,Katz
10639,1606,1910,Trow,826,Restaurant,Katz Harry,136 W 28 St.  ,Manhattan,New York,New York,136,W,28,St.,,,136 W 28 St.  ,,,Katz
10640,1607,1910,Trow,826,Restaurant,Katz Henry,324 West St.   ,Manhattan,New York,New York,324,West,St.,,,,324 West St.   ,,,Katz
10641,1608,1910,Trow,826,Restaurant,Katz Herman,153 Canal St.   ,Manhattan,New York,New York,153,Canal,St.,,,,153 Canal St.   ,,,Katz
10642,1609,1910,Trow,826,Restaurant,Katz Ignatz,98 Fulton St.   ,Manhattan,New York,New York,98,Fulton,St.,,,,98 Fulton St.   ,,,Katz
10643,1610,1910,Trow,826,Restaurant,Katz Nathan,489 Broadway    ,Manhattan,New York,New York,489,Broadway,,,,,489 Broadway    ,,,Katz
10644,1611,1910,Trow,826,Restaurant,Katz Philip,62 Henry  St.   ,Manhattan,New York,New York,62,Henry ,St.,,,,62 Henry  St.   ,,,Katz
10645,1612,1910,Trow,826,Restaurant,Katz Samuel,19 E Broadway   ,Manhattan,New York,New York,19,E,Broadway,,,,19 E Broadway   ,,,Katz
10646,1613,1910,Trow,826,Restaurant,Katzeal Benjamin,169 W 18 St.  ,Manhattan,New York,New York,169,W,18,St.,,,169 W 18 St.  ,,,Katzeal
10647,1614,1910,Trow,826,Restaurant,Kaufman Aaaron,218 Greene St.   ,Manhattan,New York,New York,218,Greene,St.,,,,218 Greene St.   ,,,Kaufman
10648,1615,1910,Trow,826,Restaurant,Kaufman Benjamin,451 E Houston St.  ,Manhattan,New York,New York,451,E,Houston,St.,,,451 E Houston St.  ,,,Kaufman
10649,1616,1910,Trow,826,Restaurant,Kaupmann Otto E.,2100 Broadway    ,Manhattan,New York,New York,2100,Broadway,,,,,2100 Broadway    ,,,Kaupmann
10650,1617,1910,Trow,826,Restaurant,Kaydouh Michael D.,50 Trinity Pl   ,Manhattan,New York,New York,50,Trinity,Pl,,,,50 Trinity Pl   ,,,Kaydouh
10651,1618,1910,Trow,826,Restaurant,Kaydouh & Dondlach,17 Battery Pl   ,Manhattan,New York,New York,17,Battery,Pl,,,,17 Battery Pl   ,,,Kaydouh
10652,1619,1910,Trow,826,Restaurant,Kazinsky Samuel,13 Eldridge St.   ,Manhattan,New York,New York,13,Eldridge,St.,,,,13 Eldridge St.   ,,,Kazinsky
10653,1620,1910,Trow,826,Restaurant,Keary Theresa,303 W 41 St.  ,Manhattan,New York,New York,303,W,41,St.,,,303 W 41 St.  ,,,Keary
10654,1621,1910,Trow,826,Restaurant,Keary Theresa,329 W 58 St.  ,Manhattan,New York,New York,329,W,58,St.,,,329 W 58 St.  ,,,Keary
10655,1622,1910,Trow,826,Restaurant,Keck Annie E.,699 3 Ave   ,Manhattan,New York,New York,699,3,Ave,,,,699 3 Ave   ,,,Keck
10656,1623,1910,Trow,826,Restaurant,Keenan John T.,27 Church St.   ,Manhattan,New York,New York,27,Church,St.,,,,27 Church St.   ,,,Keenan
10657,1624,1910,Trow,826,Restaurant,Keenan John T.,30 Church  St.   ,Manhattan,New York,New York,30,Church ,St.,,,,30 Church  St.   ,,,Keenan
10658,1625,1910,Trow,826,Restaurant,Keenan John T.,26 Courtlandt St.   ,Manhattan,New York,New York,26,Courtlandt,St.,,,,26 Courtlandt St.   ,,,Keenan
10659,1626,1910,Trow,826,Restaurant,Keenan Margaret,c 12 Ave & W 158,Manhattan,New York,New York,c,12,Ave,&,,,c 12 Ave & W 158,W,158,Keenan
10660,1627,1910,Trow,826,Restaurant,Keen's English Chop House,68 W 36 St.  ,Manhattan,New York,New York,68,W,36,St.,,,68 W 36 St.  ,,,Keen's
10661,1628,1910,Trow,826,Restaurant,Keene George ,365 9 Ave   ,Manhattan,New York,New York,365,9,Ave,,,,365 9 Ave   ,,,Keene
10662,1629,1910,Trow,826,Restaurant,Keesling C. R. & L. M.,173 3 Ave   ,Manhattan,New York,New York,173,3,Ave,,,,173 3 Ave   ,,,Keesling
10663,1630,1910,Trow,826,Restaurant,Keller & Schlesinger ,1486 2 Ave   ,Manhattan,New York,New York,1486,2,Ave,,,,1486 2 Ave   ,,,Keller
10664,1631,1910,Trow,826,Restaurant,Kelly Thomas J.,20 Dey St.   ,Manhattan,New York,New York,20,Dey,St.,,,,20 Dey St.   ,,,Kelly
10665,1632,1910,Trow,826,Restaurant,Kelly J & T. ,81 New Chambers St.   ,Manhattan,New York,New York,81,New Chambers,St.,,,,81 New Chambers St.   ,,,Kelly
10666,1633,1910,Trow,826,Restaurant,Kelsey Harry S. ,78 5 Ave   ,Manhattan,New York,New York,78,5,Ave,,,,78 5 Ave   ,,,Kelsey
10667,1634,1910,Trow,826,Restaurant,Kelso Charles,440 6 Ave   ,Manhattan,New York,New York,440,6,Ave,,,,440 6 Ave   ,,,Kelso
10668,1635,1910,Trow,826,Restaurant,Kemm Theodore,330 6 Ave   ,Manhattan,New York,New York,330,6,Ave,,,,330 6 Ave   ,,,Kemm
10669,1636,1910,Trow,826,Restaurant,Kennedy William,122 Watts St.   ,Manhattan,New York,New York,122,Watts,St.,,,,122 Watts St.   ,,,Kennedy
10670,1637,1910,Trow,826,Restaurant,Kennelly Joseph P.,486 Columbus  Ave   ,Manhattan,New York,New York,486,Columbus ,Ave,,,,486 Columbus  Ave   ,,,Kennelly
10671,1638,1910,Trow,826,Restaurant,Keratsas & Patelis ,562 7 Ave   ,Manhattan,New York,New York,562,7,Ave,,,,562 7 Ave   ,,,Keratsas
10672,1639,1910,Trow,826,Restaurant,Kerber Gustave,403 E Tremont Ave  ,Manhattan,New York,New York,403,E,Tremont,Ave,,,403 E Tremont Ave  ,,,Kerber
10673,1640,1910,Trow,826,Restaurant,Kerr Margaret,77 Morningside Ave    ,Manhattan,New York,New York,77,Morningside,Ave ,,,,77 Morningside Ave    ,,,Kerr
10674,1641,1910,Trow,826,Restaurant,Kessler Max,162 E Houston  St.  ,Manhattan,New York,New York,162,E,Houston ,St.,,,162 E Houston  St.  ,,,Kessler
10675,1642,1910,Trow,826,Restaurant,Kestenbaum Morris,1489 2 Ave   ,Manhattan,New York,New York,1489,2,Ave,,,,1489 2 Ave   ,,,Kestenbaum
10676,1643,1910,Trow,826,Restaurant,Keystone Lunch,79 E 125 St.  ,Manhattan,New York,New York,79,E,125,St.,,,79 E 125 St.  ,,,Keystone
10677,1644,1910,Trow,826,Restaurant,Keystone Lunch,213 W 125 St.  ,Manhattan,New York,New York,213,W,125,St.,,,213 W 125 St.  ,,,Keystone
10678,1645,1910,Trow,826,Restaurant,Keystone Lunch,135 Lenox Ave   ,Manhattan,New York,New York,135,Lenox,Ave,,,,135 Lenox Ave   ,,,Keystone
10679,1646,1910,Trow,826,Restaurant,Kimmel Mayer,153 Forsyth St.   ,Manhattan,New York,New York,153,Forsyth,St.,,,,153 Forsyth St.   ,,,Kimmel
10680,1647,1910,Trow,826,Chinese Restaurant,King Hong Lan Co,16 Mott St.   ,Manhattan,New York,New York,16,Mott,St.,,,,16 Mott St.   ,,,King
10681,1648,1910,Trow,826,Restaurant,King William,854 8 Ave   ,Manhattan,New York,New York,854,8,Ave,,,,854 8 Ave   ,,,King
10682,1649,1910,Trow,826,Restaurant,Kingsland Anna C.,59 Vesey St.   ,Manhattan,New York,New York,59,Vesey,St.,,,,59 Vesey St.   ,,,Kingsland
10683,1650,1910,Trow,826,Restaurant,Kipp Frank A. ,c Pelham Ave & S Boulevard,Manhattan,New York,New York,c,Pelham,Ave,&,,,c Pelham Ave & S Boulevard,S,Boulevard,Kipp
10684,1651,1910,Trow,826,Restaurant,Kirchofer Louis F. & Co,248 8 Ave   ,Manhattan,New York,New York,248,8,Ave,,,,248 8 Ave   ,,,Kirchofer
10685,1652,1910,Trow,826,Restaurant,Kirdahy Elias,91 Washn St.   ,Manhattan,New York,New York,91,Washn,St.,,,,91 Washn St.   ,,,Kirdahy
10686,1653,1910,Trow,826,Restaurant,Kirsch Hirsch,159 Ridge St.   ,Manhattan,New York,New York,159,Ridge,St.,,,,159 Ridge St.   ,,,Kirsch
10687,1654,1910,Trow,826,Restaurant,Kirschenbaum Davis,104 Suffolk St.   ,Manhattan,New York,New York,104,Suffolk,St.,,,,104 Suffolk St.   ,,,Kirschenbaum
10688,1655,1910,Trow,826,Restaurant,Kirschner Max,22 Avenue A    ,Manhattan,New York,New York,22,Avenue A,,,,,22 Avenue A    ,,,Kirschner
10689,1656,1910,Trow,826,Restaurant,Kirsh Louis,156 Rivington St.   ,Manhattan,New York,New York,156,Rivington,St.,,,,156 Rivington St.   ,,,Kirsh
10690,1657,1910,Trow,826,Restaurant,Kirshberg Benjamin,70 University Pl   ,Manhattan,New York,New York,70,University,Pl,,,,70 University Pl   ,,,Kirshberg
10691,1658,1910,Trow,826,Restaurant,Kittrick Frederick W.,105 W 44 St.  ,Manhattan,New York,New York,105,W,44,St.,,,105 W 44 St.  ,,,Kittrick
10692,1659,1910,Trow,826,Restaurant,Kizar John,227 W 27 St.  ,Manhattan,New York,New York,227,W,27,St.,,,227 W 27 St.  ,,,Kizar
10693,1660,1910,Trow,826,Restaurant,Klappert Henry J.,16 W 4 St.  ,Manhattan,New York,New York,16,W,4,St.,,,16 W 4 St.  ,,,Klappert
10694,1661,1910,Trow,826,Restaurant,Klappert Henry J.,8 E 18 St.  ,Manhattan,New York,New York,8,E,18,St.,,,8 E 18 St.  ,,,Klappert
10695,1662,1910,Trow,826,Restaurant,Klau Morris,156 Stanton St.   ,Manhattan,New York,New York,156,Stanton,St.,,,,156 Stanton St.   ,,,Klau
10696,1663,1910,Trow,826,Restaurant,Klee Peter,325 Lafayette St.   ,Manhattan,New York,New York,325,Lafayette,St.,,,,325 Lafayette St.   ,,,Klee
10697,1664,1910,Trow,826,Restaurant,Kleiman Louis,35 Goerck St.   ,Manhattan,New York,New York,35,Goerck,St.,,,,35 Goerck St.   ,,,Kleiman
10698,1665,1910,Trow,826,Restaurant,Klein Alexander,120 W 17 St.  ,Manhattan,New York,New York,120,W,17,St.,,,120 W 17 St.  ,,,Klein
10699,1666,1910,Trow,826,Restaurant,Glein Bertha,1568 2 Ave   ,Manhattan,New York,New York,1568,2,Ave,,,,1568 2 Ave   ,,,Glein
10700,1667,1910,Trow,826,Restaurant,Klein E.,1273 1 Ave   ,Manhattan,New York,New York,1273,1,Ave,,,,1273 1 Ave   ,,,Klein
10701,1668,1910,Trow,826,Restaurant,Klein Hannah,629 5 St.   ,Manhattan,New York,New York,629,5,St.,,,,629 5 St.   ,,,Klein
10702,1669,1910,Trow,826,Restaurant,Klein Joseph F. ,144 Fulton St.   ,Manhattan,New York,New York,144,Fulton,St.,,,,144 Fulton St.   ,,,Klein
10703,1670,1910,Trow,826,Restaurant,Klein Josephine,113 Avenue B    ,Manhattan,New York,New York,113,Avenue B,,,,,113 Avenue B    ,,,Klein
10704,1671,1910,Trow,826,Restaurant,Klein Samuel,133 Avenue D    ,Manhattan,New York,New York,133,Avenue D,,,,,133 Avenue D    ,,,Klein
10705,1672,1910,Trow,826,Restaurant,Klein Samuel II,196 Broome St.   ,Manhattan,New York,New York,196,Broome,St.,,,,196 Broome St.   ,,,Klein
10706,1673,1910,Trow,826,Restaurant,Klein Samuel III,181 Stanton St.   ,Manhattan,New York,New York,181,Stanton,St.,,,,181 Stanton St.   ,,,Klein
10707,1674,1910,Trow,826,Restaurant,Klein & Sperber,852 Broadway    ,Manhattan,New York,New York,852,Broadway,,,,,852 Broadway    ,,,Klein
10708,1675,1910,Trow,826,Restaurant,Kleinhenz Josephine,682 6 Ave   ,Manhattan,New York,New York,682,6,Ave,,,,682 6 Ave   ,,,Kleinhenz
10709,1676,1910,Trow,826,Restaurant,Kleinschmidt Henry,138 6 Ave   ,Manhattan,New York,New York,138,6,Ave,,,,138 6 Ave   ,,,Kleinschmidt
10710,1677,1910,Trow,826,Restaurant,Klempner Louis,151 South St.   ,Manhattan,New York,New York,151,South,St.,,,,151 South St.   ,,,Klempner
10711,1678,1910,Trow,826,Restaurant,Klemyer John DeW.,100 William  St.   ,Manhattan,New York,New York,100,William ,St.,,,,100 William  St.   ,,,Klemyer
10712,1679,1910,Trow,826,Restaurant,Klemyer John DeW.,29 Platt St.   ,Manhattan,New York,New York,29,Platt,St.,,,,29 Platt St.   ,,,Klemyer
10713,1680,1910,Trow,826,Restaurant,Klepper Louis,294 Broome St.   ,Manhattan,New York,New York,294,Broome,St.,,,,294 Broome St.   ,,,Klepper
10714,1681,1910,Trow,826,Restaurant,Klix Carl,106 Maiden La   ,Manhattan,New York,New York,106,Maiden,La,,,,106 Maiden La   ,,,Klix
10715,1682,1910,Trow,826,Restaurant,Klix Carl,197 Pearl St.   ,Manhattan,New York,New York,197,Pearl,St.,,,,197 Pearl St.   ,,,Klix
10716,1683,1910,Trow,826,Restaurant,Knabe Otto,538 Grand St.   ,Manhattan,New York,New York,538,Grand,St.,,,,538 Grand St.   ,,,Knabe
10717,1684,1910,Trow,826,Restaurant,Knap Theodore,124 Brook Ave   ,Manhattan,New York,New York,124,Brook,Ave,,,,124 Brook Ave   ,,,Knap
10718,1685,1910,Trow,826,Restaurant,Knickerbocker Dining Rooms,706 Columbus Ave   ,Manhattan,New York,New York,706,Columbus,Ave,,,,706 Columbus Ave   ,,,Knickerbocker
10719,1686,1910,Trow,826,Restaurant,Knight Caroline W.,132 W 30 St.  ,Manhattan,New York,New York,132,W,30,St.,,,132 W 30 St.  ,,,Knight
10720,1687,1910,Trow,826,Restaurant,Knight Thomas,48 New St.   ,Manhattan,New York,New York,48,New,St.,,,,48 New St.   ,,,Knight
10721,1688,1910,Trow,826,Restaurant,Knopf Charles,158 7 Ave   ,Manhattan,New York,New York,158,7,Ave,,,,158 7 Ave   ,,,Knopf
10722,1689,1910,Trow,826,Restaurant,Knott J. H. & Son,79 E 125 St.  ,Manhattan,New York,New York,79,E,125,St.,,,79 E 125 St.  ,,,Knott
10723,1690,1910,Trow,826,Restaurant,Koblitz Gustave,152 E 86 St.  ,Manhattan,New York,New York,152,E,86,St.,,,152 E 86 St.  ,,,Koblitz
10724,1691,1910,Trow,826,Restaurant,Koch Charles,642 6 Ave   ,Manhattan,New York,New York,642,6,Ave,,,,642 6 Ave   ,,,Koch
10725,1692,1910,Trow,826,Restaurant,Koch William ,39 Vandewater St.   ,Manhattan,New York,New York,39,Vandewater,St.,,,,39 Vandewater St.   ,,,Koch
10726,1693,1910,Trow,826,Restaurant,Koegler Alwin,159 E 133 St.  ,Manhattan,New York,New York,159,E,133,St.,,,159 E 133 St.  ,,,Koegler
10727,1694,1910,Trow,826,Restaurant,Koenig Sigmund,613 2 Ave   ,Manhattan,New York,New York,613,2,Ave,,,,613 2 Ave   ,,,Koenig
10728,1695,1910,Trow,826,Restaurant,Koerner Caroline,174 W Broadway   ,Manhattan,New York,New York,174,W,Broadway,,,,174 W Broadway   ,,,Koerner
10729,1696,1910,Trow,826,Restaurant,Kon Robert ,394 2 Ave   ,Manhattan,New York,New York,394,2,Ave,,,,394 2 Ave   ,,,Kon
10730,1697,1910,Trow,826,Restaurant,Konigsberg Rose,82 Jeff St.   ,Manhattan,New York,New York,82,Jeff,St.,,,,82 Jeff St.   ,,,Konigsberg
10731,1698,1910,Trow,826,Restaurant,Konz Thomas,398 Greenwich St.   ,Manhattan,New York,New York,398,Greenwich,St.,,,,398 Greenwich St.   ,,,Konz
10732,1699,1910,Trow,826,Restaurant,Koppel Morris M.,298 Church St.   ,Manhattan,New York,New York,298,Church,St.,,,,298 Church St.   ,,,Koppel
10733,1700,1910,Trow,826,Restaurant,Koranyl David,449 W Broadway   ,Manhattan,New York,New York,449,W,Broadway,,,,449 W Broadway   ,,,Koranyl
10734,1701,1910,Trow,826,Restaurant,Korn Charles,4 Bond St.   ,Manhattan,New York,New York,4,Bond,St.,,,,4 Bond St.   ,,,Korn
10735,1702,1910,Trow,826,Restaurant,Korn Julius,33 E 8 St.  ,Manhattan,New York,New York,33,E,8,St.,,,33 E 8 St.  ,,,Korn
10736,1703,1910,Trow,826,Restaurant,Korn Samuel,156 Lewis St.   ,Manhattan,New York,New York,156,Lewis,St.,,,,156 Lewis St.   ,,,Korn
10737,1704,1910,Trow,826,Restaurant,Korndahl John E.,96 W 103 St.  ,Manhattan,New York,New York,96,W,103,St.,,,96 W 103 St.  ,,,Korndahl
10738,1705,1910,Trow,826,Restaurant,Korsh Samuel,19 Pike St.   ,Manhattan,New York,New York,19,Pike,St.,,,,19 Pike St.   ,,,Korsh
10739,1706,1910,Trow,826,Restaurant,Koss Nathan ,80 Sheriff St.   ,Manhattan,New York,New York,80,Sheriff,St.,,,,80 Sheriff St.   ,,,Koss
10740,1707,1910,Trow,826,Restaurant,Kossow Isaac,30 Canal St.   ,Manhattan,New York,New York,30,Canal,St.,,,,30 Canal St.   ,,,Kossow
10741,1708,1910,Trow,826,Restaurant,Kotler Brothers,42 E 10 St.  ,Manhattan,New York,New York,42,E,10,St.,,,42 E 10 St.  ,,,Kotler
10742,1709,1910,Trow,826,Restaurant,Kotler & Geffner,97 Crosby St.   ,Manhattan,New York,New York,97,Crosby,St.,,,,97 Crosby St.   ,,,Kotler
10743,1710,1910,Trow,826,Restaurant,Kovats Adolph,615 6 St.   ,Manhattan,New York,New York,615,6,St.,,,,615 6 St.   ,,,Kovats
10744,1711,1910,Trow,826,Restaurant,Kovinsky Isaac,95 Henry St.   ,Manhattan,New York,New York,95,Henry,St.,,,,95 Henry St.   ,,,Kovinsky
10745,1712,1910,Trow,826,Restaurant,Kowatsch Frank,80 Lafayette St.   ,Manhattan,New York,New York,80,Lafayette,St.,,,,80 Lafayette St.   ,,,Kowatsch
10746,1713,1910,Trow,826,Restaurant,Kraemer Morris,80 6 Ave   ,Manhattan,New York,New York,80,6,Ave,,,,80 6 Ave   ,,,Kraemer
10747,1714,1910,Trow,826,Restaurant,Kraemer Rhinehard,119 Manhattan St.   ,Manhattan,New York,New York,119,Manhattan,St.,,,,119 Manhattan St.   ,,,Kraemer
10748,1715,1910,Trow,826,Restaurant,Kraft Emil,130 Fulton St.   ,Manhattan,New York,New York,130,Fulton,St.,,,,130 Fulton St.   ,,,Kraft
10749,1716,1910,Trow,826,Restaurant,Kraft Emil,23 E 23 St.  ,Manhattan,New York,New York,23,E,23,St.,,,23 E 23 St.  ,,,Kraft
10750,1717,1910,Trow,826,Restaurant,Kraft Emil,27 W 27 St.  ,Manhattan,New York,New York,27,W,27,St.,,,27 W 27 St.  ,,,Kraft
10751,1718,1910,Trow,826,Restaurant,Kraft Claude H.,127 Lenox Ave   ,Manhattan,New York,New York,127,Lenox,Ave,,,,127 Lenox Ave   ,,,Kraft
10752,1719,1910,Trow,826,Restaurant,Kraft Zella,202 W 116 St.  ,Manhattan,New York,New York,202,W,116,St.,,,202 W 116 St.  ,,,Kraft
10753,1720,1910,Trow,826,Restaurant,Kraftchik Louis,107 Monroe St.   ,Manhattan,New York,New York,107,Monroe,St.,,,,107 Monroe St.   ,,,Kraftchik
10754,1721,1910,Trow,826,Restaurant,Kraisler Morris,786 9 Ave   ,Manhattan,New York,New York,786,9,Ave,,,,786 9 Ave   ,,,Kraisler
10755,1722,1910,Trow,826,Restaurant,Kramer Morris,80 6 Ave   ,Manhattan,New York,New York,80,6,Ave,,,,80 6 Ave   ,,,Kramer
10756,1723,1910,Trow,826,Restaurant,Kramer Simon,97 Forsyth St.   ,Manhattan,New York,New York,97,Forsyth,St.,,,,97 Forsyth St.   ,,,Kramer
10757,1724,1910,Trow,826,Restaurant,Kramer & Katz,118 Cedar St.   ,Manhattan,New York,New York,118,Cedar,St.,,,,118 Cedar St.   ,,,Kramer
10758,1725,1910,Trow,826,Restaurant,Kraps Joseph,103 Avenue D    ,Manhattan,New York,New York,103,Avenue D,,,,,103 Avenue D    ,,,Kraps
10759,1726,1910,Trow,826,Restaurant,Krasinsky Alexander,28 Suffolk St.   ,Manhattan,New York,New York,28,Suffolk,St.,,,,28 Suffolk St.   ,,,Krasinsky
10760,1727,1910,Trow,826,Restaurant,Kraus Frederick M.,152 W 103 St.  ,Manhattan,New York,New York,152,W,103,St.,,,152 W 103 St.  ,,,Kraus
10761,1728,1910,Trow,826,Restaurant,Kraus Samuel,522 5 St.   ,Manhattan,New York,New York,522,5,St.,,,,522 5 St.   ,,,Kraus
10762,1729,1910,Trow,826,Restaurant,Krause George T. ,48 New St.   ,Manhattan,New York,New York,48,New,St.,,,,48 New St.   ,,,Krause
10763,1730,1910,Trow,826,Restaurant,Krause Max,218 E 86 St.  ,Manhattan,New York,New York,218,E,86,St.,,,218 E 86 St.  ,,,Krause
10764,1731,1910,Trow,826,Restaurant,Krayer Anthony,118 Fulton Market St.  ,Manhattan,New York,New York,118,Fulton,Market,St.,,,118 Fulton Market St.  ,,,Krayer
10765,1732,1910,Trow,826,Restaurant,Kream Abraham,2779 8 Ave   ,Manhattan,New York,New York,2779,8,Ave,,,,2779 8 Ave   ,,,Kream
10766,1733,1910,Trow,826,Restaurant,Kretschmer Raymond E.,195 Claremont  Ave   ,Manhattan,New York,New York,195,Claremont ,Ave,,,,195 Claremont  Ave   ,,,Kretschmer
10767,1734,1910,Trow,826,Restaurant,Kriegler David,55 Pike St.   ,Manhattan,New York,New York,55,Pike,St.,,,,55 Pike St.   ,,,Kriegler
10768,1735,1910,Trow,826,Restaurant,Krim Jacob,25 Fulton St.   ,Manhattan,New York,New York,25,Fulton,St.,,,,25 Fulton St.   ,,,Krim
10769,1736,1910,Trow,826,Restaurant,Krim Morris,112 Pearl St.   ,Manhattan,New York,New York,112,Pearl,St.,,,,112 Pearl St.   ,,,Krim
10770,1737,1910,Trow,826,Restaurant,Krim Morris,65 Vesey St.   ,Manhattan,New York,New York,65,Vesey,St.,,,,65 Vesey St.   ,,,Krim
10771,1738,1910,Trow,826,Restaurant,Krim M & A. ,118 E 42 St.  ,Manhattan,New York,New York,118,E,42,St.,,,118 E 42 St.  ,,,Krim
10772,1739,1910,Trow,826,Restaurant,Krinsky Alexander ,161 Reade St.   ,Manhattan,New York,New York,161,Reade,St.,,,,161 Reade St.   ,,,Krinsky
10773,1740,1910,Trow,826,Restaurant,Krist Emil,407 W 42 St.  ,Manhattan,New York,New York,407,W,42,St.,,,407 W 42 St.  ,,,Krist
10774,1741,1910,Trow,826,Restaurant,Krivis Samuel,79 Goerck St.   ,Manhattan,New York,New York,79,Goerck,St.,,,,79 Goerck St.   ,,,Krivis
10775,1742,1910,Trow,826,Restaurant,Kromphose Herman ,400 10 Ave   ,Manhattan,New York,New York,400,10,Ave,,,,400 10 Ave   ,,,Kromphose
10776,1743,1910,Trow,826,Restaurant,Kronenberg William,218 Centre St.   ,Manhattan,New York,New York,218,Centre,St.,,,,218 Centre St.   ,,,Kronenberg
10777,1744,1910,Trow,826,Restaurant,Krueger Charles,304 E 92 St.  ,Manhattan,New York,New York,304,E,92,St.,,,304 E 92 St.  ,,,Krueger
10778,1745,1910,Trow,826,Restaurant,Krug Harry,364 Grand St.   ,Manhattan,New York,New York,364,Grand,St.,,,,364 Grand St.   ,,,Krug
10779,1746,1910,Trow,826,Restaurant,Krulik Harry,24 Delancey St.   ,Manhattan,New York,New York,24,Delancey,St.,,,,24 Delancey St.   ,,,Krulik
10780,1747,1910,Trow,826,Restaurant,Kruse Peter,1065 E Tremont Ave  ,Manhattan,New York,New York,1065,E,Tremont,Ave,,,1065 E Tremont Ave  ,,,Kruse
10781,1748,1910,Trow,826,Restaurant,Kuba Louis,27 E 4 St.  ,Manhattan,New York,New York,27,E,4,St.,,,27 E 4 St.  ,,,Kuba
10782,1749,1910,Trow,826,Restaurant,Kuba Morris,230 Mercer St.   ,Manhattan,New York,New York,230,Mercer,St.,,,,230 Mercer St.   ,,,Kuba
10783,1750,1910,Trow,826,Restaurant,Kubik Mary,1831 3 Ave   ,Manhattan,New York,New York,1831,3,Ave,,,,1831 3 Ave   ,,,Kubik
10784,1751,1910,Trow,826,Restaurant,Kuchlin Christian,76 Broad St.   ,Manhattan,New York,New York,76,Broad,St.,,,,76 Broad St.   ,,,Kuchlin
10785,1752,1910,Trow,826,Restaurant,Kuckokos Denis,302 W 135 St.  ,Manhattan,New York,New York,302,W,135,St.,,,302 W 135 St.  ,,,Kuckokos
10786,1753,1910,Trow,826,Restaurant,Kudin Herman,285 8 Ave   ,Manhattan,New York,New York,285,8,Ave,,,,285 8 Ave   ,,,Kudin
10787,1754,1910,Trow,826,Restaurant,Kugler Ernest C.,410 3 Ave   ,Manhattan,New York,New York,410,3,Ave,,,,410 3 Ave   ,,,Kugler
10788,1755,1910,Trow,826,Restaurant,Kuhneman Otto,2084 Broadway    ,Manhattan,New York,New York,2084,Broadway,,,,,2084 Broadway    ,,,Kuhneman
10789,1756,1910,Trow,826,Restaurant,Kulkin Sarah,213 E Broadway   ,Manhattan,New York,New York,213,E,Broadway,,,,213 E Broadway   ,,,Kulkin
10790,1757,1910,Trow,826,Restaurant,Kuntz John,132 Manhattan St.   ,Manhattan,New York,New York,132,Manhattan,St.,,,,132 Manhattan St.   ,,,Kuntz
10791,1758,1910,Trow,826,Restaurant,Kuntz John,2143 Amsterdam Ave   ,Manhattan,New York,New York,2143,Amsterdam,Ave,,,,2143 Amsterdam Ave   ,,,Kuntz
10792,1759,1910,Trow,826,Restaurant,Kuntz Henry M.,38 Beaver St.   ,Manhattan,New York,New York,38,Beaver,St.,,,,38 Beaver St.   ,,,Kuntz
10793,1760,1910,Trow,826,Restaurant,Kuntz Henry M.,24 Fulton St.   ,Manhattan,New York,New York,24,Fulton,St.,,,,24 Fulton St.   ,,,Kuntz
10794,1761,1910,Trow,826,Restaurant,Kuperwaser Morris,133 Roosevelt St.   ,Manhattan,New York,New York,133,Roosevelt,St.,,,,133 Roosevelt St.   ,,,Kuperwaser
10795,1762,1910,Trow,826,Restaurant,Kupferman Leon,13 W 21 St.  ,Manhattan,New York,New York,13,W,21,St.,,,13 W 21 St.  ,,,Kupferman
10796,1763,1910,Trow,826,Restaurant,Kupper Frederick,68 E 12 St.  ,Manhattan,New York,New York,68,E,12,St.,,,68 E 12 St.  ,,,Kupper
10797,1764,1910,Trow,826,Restaurant,Kwako Ogoso,432 W 125 St.  ,Manhattan,New York,New York,432,W,125,St.,,,432 W 125 St.  ,,,Kwako
10798,1765,1910,Trow,826,Restaurant,Kyreakakis Peter,3184 Broadway    ,Manhattan,New York,New York,3184,Broadway,,,,,3184 Broadway    ,,,Kyreakakis
10799,1766,1910,Trow,826,Restaurant,Kyreiazis George,637 6 Ave   ,Manhattan,New York,New York,637,6,Ave,,,,637 6 Ave   ,,,Kyreiazis
10800,1767,1910,Trow,826,Restaurant,Lackawanna Lunch,400 6 Ave   ,Manhattan,New York,New York,400,6,Ave,,,,400 6 Ave   ,,,Lackawanna
10801,1768,1910,Trow,826,Restaurant,Lackawanna Lunch,26 Union Square E   ,Manhattan,New York,New York,26,Union Square,E,,,,26 Union Square E   ,,,Lackawanna
10802,1769,1910,Trow,826,Restaurant,Lackner Louis,260 E Houston St.  ,Manhattan,New York,New York,260,E,Houston,St.,,,260 E Houston St.  ,,,Lackner
10803,1770,1910,Trow,826,Restaurant,Lackowitz Marion,421 6 St.   ,Manhattan,New York,New York,421,6,St.,,,,421 6 St.   ,,,Lackowitz
10804,1771,1910,Trow,826,Restaurant,Lafayette Lunch Room,111 Lafayette St.   ,Manhattan,New York,New York,111,Lafayette,St.,,,,111 Lafayette St.   ,,,Lafayette
10805,1772,1910,Trow,826,Restaurant,Lafayette Lunch Room,372 7 Ave   ,Manhattan,New York,New York,372,7,Ave,,,,372 7 Ave   ,,,Lafayette
10806,1773,1910,Trow,826,Restaurant,Lagasse Adelaide,217 W 14 St.  ,Manhattan,New York,New York,217,W,14,St.,,,217 W 14 St.  ,,,Lagasse
10807,1774,1910,Trow,826,Restaurant,Laino Nino,512 Broome St.   ,Manhattan,New York,New York,512,Broome,St.,,,,512 Broome St.   ,,,Laino
10808,1775,1910,Trow,826,Restaurant,Lake Charlotte E.,997 3 Ave   ,Manhattan,New York,New York,997,3,Ave,,,,997 3 Ave   ,,,Lake
10809,1776,1910,Trow,826,Restaurant,Lambert Joseph,207 E 116 St.  ,Manhattan,New York,New York,207,E,116,St.,,,207 E 116 St.  ,,,Lambert
10810,1777,1910,Trow,826,Restaurant,LaMode Lunch ,762 8 Ave   ,Manhattan,New York,New York,762,8,Ave,,,,762 8 Ave   ,,,LaMode
10811,1778,1910,Trow,826,Restaurant,Lampson Robert D.,1185 Lexington Ave   ,Manhattan,New York,New York,1185,Lexington,Ave,,,,1185 Lexington Ave   ,,,Lampson
10812,1779,1910,Trow,826,Restaurant,Landes Samuel,176 7 Ave   ,Manhattan,New York,New York,176,7,Ave,,,,176 7 Ave   ,,,Landes
10813,1780,1910,Trow,826,Restaurant,Landesman Samuel,44 Essex St.   ,Manhattan,New York,New York,44,Essex,St.,,,,44 Essex St.   ,,,Landesman
10814,1781,1910,Trow,826,Restaurant,Landis & Grivas,101 W 100 St.  ,Manhattan,New York,New York,101,W,100,St.,,,101 W 100 St.  ,,,Landis
10815,1782,1910,Trow,826,Restaurant,Lang Edward,795 1 Ave   ,Manhattan,New York,New York,795,1,Ave,,,,795 1 Ave   ,,,Lang
10816,1783,1910,Trow,826,Restaurant,Lange & Fay ,17 Peck sl   ,Manhattan,New York,New York,17,Peck,sl,,,,17 Peck sl   ,,,Lange
