Unnamed: 0,ID,YR,DIR,PG,TYPE,NAME,ADDY,BOROUGH,CITY,STATE,HOUSENO,STNAME,STNAME.1,STNAME.2,ST_PREFIX,ST_SUFFIX,AdrMod,STNAME.3,STNAME.4,last_name
11817,2784,1910,Trow,826,Restaurant,Schubert Carl,251 Canal St.   ,Manhattan,New York,New York,251,Canal,St.,,,,251 Canal St.   ,,,Schubert
11818,2785,1910,Trow,826,Restaurant,Schuer Julius,134 8 Ave   ,Manhattan,New York,New York,134,8,Ave,,,,134 8 Ave   ,,,Schuer
11819,2786,1910,Trow,826,Restaurant,Schuler Albert,384 Amsterdam Ave   ,Manhattan,New York,New York,384,Amsterdam,Ave,,,,384 Amsterdam Ave   ,,,Schuler
11820,2787,1910,Trow,826,Restaurant,Schulman Jacob,239 Wooster St.   ,Manhattan,New York,New York,239,Wooster,St.,,,,239 Wooster St.   ,,,Schulman
11821,2788,1910,Trow,826,Restaurant,Schultz Benjamin,173 E Broadway   ,Manhattan,New York,New York,173,E,Broadway,,,,173 E Broadway   ,,,Schultz
11822,2789,1910,Trow,826,Restaurant,Schultz Olga C.,596 Water St.   ,Manhattan,New York,New York,596,Water,St.,,,,596 Water St.   ,,,Schultz
11823,2790,1910,Trow,826,Restaurant,Schulz Carl,124 W 34 St.  ,Manhattan,New York,New York,124,W,34,St.,,,124 W 34 St.  ,,,Schulz
11824,2791,1910,Trow,826,Restaurant,Schulz & Hartman,137 E 24 St.  ,Manhattan,New York,New York,137,E,24,St.,,,137 E 24 St.  ,,,Schulz
11825,2792,1910,Trow,826,Restaurant,Schulze Edward,23 William St.   ,Manhattan,New York,New York,23,William,St.,,,,23 William St.   ,,,Schulze
11826,2793,1910,Trow,826,Restaurant,Schumann Arthur E.,22 Beekman St.   ,Manhattan,New York,New York,22,Beekman,St.,,,,22 Beekman St.   ,,,Schumann
11827,2794,1910,Trow,826,Restaurant,Schumann Charles,503 W 37 St.  ,Manhattan,New York,New York,503,W,37,St.,,,503 W 37 St.  ,,,Schumann
11828,2795,1910,Trow,826,Restaurant,Schumann's Gus (inc),24 W 17 St.  ,Manhattan,New York,New York,24,W,17,St.,,,24 W 17 St.  ,,,Schumann's
11829,2796,1910,Trow,826,Restaurant,Schumann's Bakery & Lunch Room,27 Cooper Sq   ,Manhattan,New York,New York,27,Cooper,Sq,,,,27 Cooper Sq   ,,,Schumann's
11830,2797,1910,Trow,826,Restaurant,Schumann's Bakery & Lunch Room,98 6 Ave   ,Manhattan,New York,New York,98,6,Ave,,,,98 6 Ave   ,,,Schumann's
11831,2798,1910,Trow,826,Restaurant,Schuppien Anton,41 Rose St.   ,Manhattan,New York,New York,41,Rose,St.,,,,41 Rose St.   ,,,Schuppien
11832,2799,1910,Trow,826,Restaurant,Schwab Brothers,747 Broadway    ,Manhattan,New York,New York,747,Broadway,,,,,747 Broadway    ,,,Schwab
11833,2800,1910,Trow,826,Restaurant,Schwadron Louis,80 Essex St.   ,Manhattan,New York,New York,80,Essex,St.,,,,80 Essex St.   ,,,Schwadron
11834,2801,1910,Trow,826,Restaurant,Schwartz Adolph,641 Lexington Ave   ,Manhattan,New York,New York,641,Lexington,Ave,,,,641 Lexington Ave   ,,,Schwartz
11835,2802,1910,Trow,826,Restaurant,Schwartz Barnett,177 Ludlow St.   ,Manhattan,New York,New York,177,Ludlow,St.,,,,177 Ludlow St.   ,,,Schwartz
11836,2803,1910,Trow,826,Restaurant,Schwartz Charles,203 Eldridge St.   ,Manhattan,New York,New York,203,Eldridge,St.,,,,203 Eldridge St.   ,,,Schwartz
11837,2804,1910,Trow,826,Restaurant,Schwartz David,67 Stanton St.   ,Manhattan,New York,New York,67,Stanton,St.,,,,67 Stanton St.   ,,,Schwartz
11838,2805,1910,Trow,826,Restaurant,Schwartz Ghedale,160 E Houston  St.  ,Manhattan,New York,New York,160,E,Houston ,St.,,,160 E Houston  St.  ,,,Schwartz
11839,2806,1910,Trow,826,Restaurant,Schwartz Harry,318 Broome St.   ,Manhattan,New York,New York,318,Broome,St.,,,,318 Broome St.   ,,,Schwartz
11840,2807,1910,Trow,826,Restaurant,Schwartz Isaac,120 Forsyth St.   ,Manhattan,New York,New York,120,Forsyth,St.,,,,120 Forsyth St.   ,,,Schwartz
11841,2808,1910,Trow,826,Restaurant,Schwartz Joseph,1355 Avenue A    ,Manhattan,New York,New York,1355,Avenue A,,,,,1355 Avenue A    ,,,Schwartz
11842,2809,1910,Trow,826,Restaurant,Schwartz Julius,220 Eldridge St.   ,Manhattan,New York,New York,220,Eldridge,St.,,,,220 Eldridge St.   ,,,Schwartz
11843,2810,1910,Trow,826,Restaurant,Schwartz Lazarus,3 Peck sl   ,Manhattan,New York,New York,3,Peck,sl,,,,3 Peck sl   ,,,Schwartz
11844,2811,1910,Trow,826,Restaurant,Schwartz Max,255 E Houston St.  ,Manhattan,New York,New York,255,E,Houston,St.,,,255 E Houston St.  ,,,Schwartz
11845,2812,1910,Trow,826,Restaurant,Schwartz Max II,63 E 125 St.  ,Manhattan,New York,New York,63,E,125,St.,,,63 E 125 St.  ,,,Schwartz
11846,2813,1910,Trow,826,Restaurant,Schwartz Morris,131 Eldridge St.   ,Manhattan,New York,New York,131,Eldridge,St.,,,,131 Eldridge St.   ,,,Schwartz
11847,2814,1910,Trow,826,Restaurant,Schwartz Morris II,323 Lafayette St.   ,Manhattan,New York,New York,323,Lafayette,St.,,,,323 Lafayette St.   ,,,Schwartz
11848,2815,1910,Trow,826,Restaurant,Schwartz Morris III,4 Pike St.   ,Manhattan,New York,New York,4,Pike,St.,,,,4 Pike St.   ,,,Schwartz
11849,2816,1910,Trow,826,Restaurant,Schwartz Samuel,200 Allen St.   ,Manhattan,New York,New York,200,Allen,St.,,,,200 Allen St.   ,,,Schwartz
11850,2817,1910,Trow,826,Restaurant,Schwartz Samuel II,215 Clinton St.   ,Manhattan,New York,New York,215,Clinton,St.,,,,215 Clinton St.   ,,,Schwartz
11851,2818,1910,Trow,826,Restaurant,Schwartz Samuel III,344 E 86 St.  ,Manhattan,New York,New York,344,E,86,St.,,,344 E 86 St.  ,,,Schwartz
11852,2819,1910,Trow,826,Restaurant,Schwartz Samuel IIII,244 Eldridge St.   ,Manhattan,New York,New York,244,Eldridge,St.,,,,244 Eldridge St.   ,,,Schwartz
11853,2820,1910,Trow,826,Restaurant,Schwartz & Fried,19 Rutgers pl   ,Manhattan,New York,New York,19,Rutgers,pl,,,,19 Rutgers pl   ,,,Schwartz
11854,2821,1910,Trow,826,Restaurant,Schwartzbarth Benjamin,797 1 Ave   ,Manhattan,New York,New York,797,1,Ave,,,,797 1 Ave   ,,,Schwartzbarth
11855,2822,1910,Trow,826,Restaurant,Schwarz Frank,2012 3 Ave   ,Manhattan,New York,New York,2012,3,Ave,,,,2012 3 Ave   ,,,Schwarz
11856,2823,1910,Trow,826,Restaurant,Schwarz Herman,22 E 13 St.  ,Manhattan,New York,New York,22,E,13,St.,,,22 E 13 St.  ,,,Schwarz
11857,2824,1910,Trow,826,Restaurant,Schwarzwald Julius,52 W 18 St.  ,Manhattan,New York,New York,52,W,18,St.,,,52 W 18 St.  ,,,Schwarzwald
11858,2825,1910,Trow,826,Restaurant,Schwebel Abraham,191 E Houston St.  ,Manhattan,New York,New York,191,E,Houston,St.,,,191 E Houston St.  ,,,Schwebel
11859,2826,1910,Trow,826,Restaurant,Scotti & Carini,144 W 23 St.  ,Manhattan,New York,New York,144,W,23,St.,,,144 W 23 St.  ,,,Scotti
11860,2827,1910,Trow,826,Restaurant,Scudder Louise,27 W 133 St.  ,Manhattan,New York,New York,27,W,133,St.,,,27 W 133 St.  ,,,Scudder
11861,2828,1910,Trow,826,Restaurant,Sczycelska Tekia,220 3 St.   ,Manhattan,New York,New York,220,3,St.,,,,220 3 St.   ,,,Sczycelska
11862,2829,1910,Trow,826,Restaurant,Seckel Balwin J.,437 W 14 St.  ,Manhattan,New York,New York,437,W,14,St.,,,437 W 14 St.  ,,,Seckel
11863,2830,1910,Trow,826,Restaurant,Sedotto Antonio,2171 1 Ave   ,Manhattan,New York,New York,2171,1,Ave,,,,2171 1 Ave   ,,,Sedotto
11864,2831,1910,Trow,826,Restaurant,Sedransk M. & Son,59 W Houston St.  ,Manhattan,New York,New York,59,W,Houston,St.,,,59 W Houston St.  ,,,Sedransk
11865,2832,1910,Trow,826,Restaurant,Seelig Adolph,66 E 13 St.  ,Manhattan,New York,New York,66,E,13,St.,,,66 E 13 St.  ,,,Seelig
11866,2833,1910,Trow,826,Restaurant,Seid & Ehrlich,618 6 Ave   ,Manhattan,New York,New York,618,6,Ave,,,,618 6 Ave   ,,,Seid
11867,2834,1910,Trow,826,Restaurant,Seiden Lois,54 W 35 St.  ,Manhattan,New York,New York,54,W,35,St.,,,54 W 35 St.  ,,,Seiden
11868,2835,1910,Trow,826,Restaurant,Seif Bernhard,141 Attorney St.   ,Manhattan,New York,New York,141,Attorney,St.,,,,141 Attorney St.   ,,,Seif
11869,2836,1910,Trow,826,Restaurant,Seifer Jacob,123 Rivington St.   ,Manhattan,New York,New York,123,Rivington,St.,,,,123 Rivington St.   ,,,Seifer
11870,2837,1910,Trow,826,Restaurant,Seifert Max,1239 1 Ave   ,Manhattan,New York,New York,1239,1,Ave,,,,1239 1 Ave   ,,,Seifert
11871,2838,1910,Trow,826,Restaurant,Seifter A.,17 E 113 St.  ,Manhattan,New York,New York,17,E,113,St.,,,17 E 113 St.  ,,,Seifter
11872,2839,1910,Trow,826,Restaurant,Seigler William,c Jerome Ave & W Fordham,Manhattan,New York,New York,c,Jerome,Ave,&,,,c Jerome Ave & W Fordham,W,Fordham,Seigler
11873,2840,1910,Trow,826,Restaurant,Selrroe George,691 6 Ave   ,Manhattan,New York,New York,691,6,Ave,,,,691 6 Ave   ,,,Selrroe
11874,2841,1910,Trow,826,Restaurant,Sekyrsky William,378 W 12 St.  ,Manhattan,New York,New York,378,W,12,St.,,,378 W 12 St.  ,,,Sekyrsky
11875,2842,1910,Trow,826,Restaurant,Seligman Abraham,50 W 15 St.  ,Manhattan,New York,New York,50,W,15,St.,,,50 W 15 St.  ,,,Seligman
11876,2843,1910,Trow,826,Restaurant,Selimsky John,53 W 8 St.  ,Manhattan,New York,New York,53,W,8,St.,,,53 W 8 St.  ,,,Selimsky
11877,2844,1910,Trow,826,Restaurant,Selinger & Goldberg,167 E Broadway   ,Manhattan,New York,New York,167,E,Broadway,,,,167 E Broadway   ,,,Selinger
11878,2845,1910,Trow,826,Restaurant,Selinsky Abraham,7 Walker St.   ,Manhattan,New York,New York,7,Walker,St.,,,,7 Walker St.   ,,,Selinsky
11879,2846,1910,Trow,826,Restaurant,Seltzer Benjamin,127 Orchard St.   ,Manhattan,New York,New York,127,Orchard,St.,,,,127 Orchard St.   ,,,Seltzer
11880,2847,1910,Trow,826,Restaurant,Semachowitz Samuel,107 Church St.   ,Manhattan,New York,New York,107,Church,St.,,,,107 Church St.   ,,,Semachowitz
11881,2848,1910,Trow,826,Restaurant,Seogminilio Cormelo,148 10 Ave   ,Manhattan,New York,New York,148,10,Ave,,,,148 10 Ave   ,,,Seogminilio
11882,2849,1910,Trow,826,Restaurant,Seplavy Brothers,335 10 Ave   ,Manhattan,New York,New York,335,10,Ave,,,,335 10 Ave   ,,,Seplavy
11883,2850,1910,Trow,826,Restaurant,Shanley Co.,383 6 Ave   ,Manhattan,New York,New York,383,6,Ave,,,,383 6 Ave   ,,,Shanley
11884,2851,1910,Trow,826,Restaurant,Shanley Co.,1212 Broadway    ,Manhattan,New York,New York,1212,Broadway,,,,,1212 Broadway    ,,,Shanley
11885,2852,1910,Trow,826,Restaurant,Shanley Co.,1276 Broadway    ,Manhattan,New York,New York,1276,Broadway,,,,,1276 Broadway    ,,,Shanley
11886,2853,1910,Trow,826,Restaurant,Shanstein Harry,46 Avenue D    ,Manhattan,New York,New York,46,Avenue D,,,,,46 Avenue D    ,,,Shanstein
11887,2854,1910,Trow,826,Restaurant,Shaouy George,89 Washn St.   ,Manhattan,New York,New York,89,Washn,St.,,,,89 Washn St.   ,,,Shaouy
11888,2855,1910,Trow,826,Restaurant,Shapiro Benjamin,224 Centre St.   ,Manhattan,New York,New York,224,Centre,St.,,,,224 Centre St.   ,,,Shapiro
11889,2856,1910,Trow,826,Restaurant,Shapiro Fischel,233 E Broadway   ,Manhattan,New York,New York,233,E,Broadway,,,,233 E Broadway   ,,,Shapiro
11890,2857,1910,Trow,826,Restaurant,Shapiro Morris,507 W 27 St.  ,Manhattan,New York,New York,507,W,27,St.,,,507 W 27 St.  ,,,Shapiro
11891,2858,1910,Trow,826,Restaurant,Shapiro Samuel,82 Attorney St.   ,Manhattan,New York,New York,82,Attorney,St.,,,,82 Attorney St.   ,,,Shapiro
11892,2859,1910,Trow,826,Restaurant,Sharlot Libe,15 W Houston St.  ,Manhattan,New York,New York,15,W,Houston,St.,,,15 W Houston St.  ,,,Sharlot
11893,2860,1910,Trow,826,Restaurant,Sharrot Daniel E.,52 Broad St.   ,Manhattan,New York,New York,52,Broad,St.,,,,52 Broad St.   ,,,Sharrot
11894,2861,1910,Trow,826,Restaurant,Shavlak Antonio,194.5 Allen St.   ,Manhattan,New York,New York,194.5,Allen,St.,,,,194 Allen St.   ,,,Shavlak
11895,2862,1910,Trow,826,Restaurant,Shefrin Nathan,173 Park Row St.   ,Manhattan,New York,New York,173,Park Row,St.,,,,173 Park Row St.   ,,,Shefrin
11896,2863,1910,Trow,826,Restaurant,Sheidlinger Max,1677 Madison Ave   ,Manhattan,New York,New York,1677,Madison,Ave,,,,1677 Madison Ave   ,,,Sheidlinger
11897,2864,1910,Trow,826,Restaurant,Shenkman Beke,205 West St.   ,Manhattan,New York,New York,205,West,St.,,,,205 West St.   ,,,Shenkman
11898,2865,1910,Trow,826,Restaurant,Sheppard Edward,134 W 53 St.  ,Manhattan,New York,New York,134,W,53,St.,,,134 W 53 St.  ,,,Sheppard
11899,2866,1910,Trow,826,Restaurant,Sherman Harry,1573 2 Ave   ,Manhattan,New York,New York,1573,2,Ave,,,,1573 2 Ave   ,,,Sherman
11900,2867,1910,Trow,826,Restaurant,Sherry Louis,524 5 Ave   ,Manhattan,New York,New York,524,5,Ave,,,,524 5 Ave   ,,,Sherry
11901,2868,1910,Trow,826,Restaurant,Shine Reuben,162 Henry St.   ,Manhattan,New York,New York,162,Henry,St.,,,,162 Henry St.   ,,,Shine
11902,2869,1910,Trow,826,Restaurant,Shinkman Max,310 Grand St.   ,Manhattan,New York,New York,310,Grand,St.,,,,310 Grand St.   ,,,Shinkman
11903,2870,1910,Trow,826,Restaurant,Shinkman Samuel,416 Grand St.   ,Manhattan,New York,New York,416,Grand,St.,,,,416 Grand St.   ,,,Shinkman
11904,2871,1910,Trow,826,Restaurant,Shinkman Louis,110 Forsyth St.   ,Manhattan,New York,New York,110,Forsyth,St.,,,,110 Forsyth St.   ,,,Shinkman
11905,2872,1910,Trow,826,Restaurant,Shulem Samuel,141 Division St.   ,Manhattan,New York,New York,141,Division,St.,,,,141 Division St.   ,,,Shulem
11906,2873,1910,Trow,826,Restaurant,Shulman Samuel,130 7 St.   ,Manhattan,New York,New York,130,7,St.,,,,130 7 St.   ,,,Shulman
11907,2874,1910,Trow,826,Restaurant,Shur & Jacobson ,8 Greenwich Ave   ,Manhattan,New York,New York,8,Greenwich,Ave,,,,8 Greenwich Ave   ,,,Shur
11908,2875,1910,Trow,826,Restaurant,Shur & Jacobson ,582 10 Ave   ,Manhattan,New York,New York,582,10,Ave,,,,582 10 Ave   ,,,Shur
11909,2876,1910,Trow,826,Restaurant,Sica Michael,311 E 114 St.  ,Manhattan,New York,New York,311,E,114,St.,,,311 E 114 St.  ,,,Sica
11910,2877,1910,Trow,826,Restaurant,Sice Louis J.,669 Hudson St.   ,Manhattan,New York,New York,669,Hudson,St.,,,,669 Hudson St.   ,,,Sice
11911,2878,1910,Trow,826,Restaurant,Sice Louis J.,22 9 Ave   ,Manhattan,New York,New York,22,9,Ave,,,,22 9 Ave   ,,,Sice
11912,2879,1910,Trow,826,Restaurant,Sicoli Salvatore,248 Mulberry St.   ,Manhattan,New York,New York,248,Mulberry,St.,,,,248 Mulberry St.   ,,,Sicoli
11913,2880,1910,Trow,826,Restaurant,Sieburg's Buffet Co,8 Hanover St.   ,Manhattan,New York,New York,8,Hanover,St.,,,,8 Hanover St.   ,,,Sieburg's
11914,2881,1910,Trow,826,Restaurant,Siegel Benjamin,110 Avenue A    ,Manhattan,New York,New York,110,Avenue A,,,,,110 Avenue A    ,,,Siegel
11915,2882,1910,Trow,826,Restaurant,Siegel Charles,290 Dleancey St.   ,Manhattan,New York,New York,290,Dleancey,St.,,,,290 Dleancey St.   ,,,Siegel
11916,2883,1910,Trow,826,Restaurant,Siegel Isaac,11 Rivington St.   ,Manhattan,New York,New York,11,Rivington,St.,,,,11 Rivington St.   ,,,Siegel
11917,2884,1910,Trow,826,Restaurant,Siegel Solomon,85 Delancey St.   ,Manhattan,New York,New York,85,Delancey,St.,,,,85 Delancey St.   ,,,Siegel
11918,2885,1910,Trow,826,Restaurant,Siegel Brothers,93 4 Ave   ,Manhattan,New York,New York,93,4,Ave,,,,93 4 Ave   ,,,Siegel
11919,2886,1910,Trow,826,Restaurant,Siegel & Borchardt,62 E 8 St.  ,Manhattan,New York,New York,62,E,8,St.,,,62 E 8 St.  ,,,Siegel
11920,2887,1910,Trow,826,Restaurant,Siegel & Lowenstein,76 2 Ave   ,Manhattan,New York,New York,76,2,Ave,,,,76 2 Ave   ,,,Siegel
11921,2888,1910,Trow,826,Restaurant,Sign of Seven (firm name),7 E 41 St.  ,Manhattan,New York,New York,7,E,41,St.,,,7 E 41 St.  ,,,Sign
11922,2889,1910,Trow,826,Restaurant,Silberman Benjamin,57 Mott St.   ,Manhattan,New York,New York,57,Mott,St.,,,,57 Mott St.   ,,,Silberman
11923,2890,1910,Trow,826,Restaurant,Silberman Bernard,42 Canal St.   ,Manhattan,New York,New York,42,Canal,St.,,,,42 Canal St.   ,,,Silberman
11924,2891,1910,Trow,826,Restaurant,Silberstein Paul,156 13 Ave   ,Manhattan,New York,New York,156,13,Ave,,,,156 13 Ave   ,,,Silberstein
11925,2892,1910,Trow,826,Restaurant,Silsbe & Son,203 6 Ave   ,Manhattan,New York,New York,203,6,Ave,,,,203 6 Ave   ,,,Silsbe
11926,2893,1910,Trow,826,Restaurant,Silver Abraham ,337 8 Ave   ,Manhattan,New York,New York,337,8,Ave,,,,337 8 Ave   ,,,Silver
11927,2894,1910,Trow,826,Restaurant,Silber Wolf,269 Broome St.   ,Manhattan,New York,New York,269,Broome,St.,,,,269 Broome St.   ,,,Silber
11928,2895,1910,Trow,826,Restaurant,Silverman Adolph,434 6 Ave   ,Manhattan,New York,New York,434,6,Ave,,,,434 6 Ave   ,,,Silverman
11929,2896,1910,Trow,826,Restaurant,Silverman Isidor,50 Rivington St.   ,Manhattan,New York,New York,50,Rivington,St.,,,,50 Rivington St.   ,,,Silverman
11930,2897,1910,Trow,826,Restaurant,Silverman Sarah,97 Park Row St.   ,Manhattan,New York,New York,97,Park Row,St.,,,,97 Park Row St.   ,,,Silverman
11931,2898,1910,Trow,826,Restaurant,Simmons William,302 W 37 St.  ,Manhattan,New York,New York,302,W,37,St.,,,302 W 37 St.  ,,,Simmons
11932,2899,1910,Trow,826,Restaurant,Simon Priscilla,331 Broome St.   ,Manhattan,New York,New York,331,Broome,St.,,,,331 Broome St.   ,,,Simon
11933,2900,1910,Trow,826,Restaurant,Simonet Gaston,22 W 60 St.  ,Manhattan,New York,New York,22,W,60,St.,,,22 W 60 St.  ,,,Simonet
11934,2901,1910,Trow,826,Restaurant,Simonet Virginia,63 Washn Sq S  ,Manhattan,New York,New York,63,Washn,Sq,S,,,63 Washn Sq S  ,,,Simonet
11935,2902,1910,Trow,826,Restaurant,Simonhof Morris,135 Canal St.   ,Manhattan,New York,New York,135,Canal,St.,,,,135 Canal St.   ,,,Simonhof
11936,2903,1910,Trow,826,Restaurant,Sindler Isidor,754 1 Ave   ,Manhattan,New York,New York,754,1,Ave,,,,754 1 Ave   ,,,Sindler
11937,2904,1910,Trow,826,Chinese Restaurant,Sing Charles Low,165 W 34 St.  ,Manhattan,New York,New York,165,W,34,St.,,,165 W 34 St.  ,,,Sing
11938,2905,1910,Trow,826,Restaurant,Singer Isidor,47 E 8 St.  ,Manhattan,New York,New York,47,E,8,St.,,,47 E 8 St.  ,,,Singer
11939,2906,1910,Trow,826,Restaurant,Sinsheimer Solomon,51 E 9 St.  ,Manhattan,New York,New York,51,E,9,St.,,,51 E 9 St.  ,,,Sinsheimer
11940,2907,1910,Trow,826,Restaurant,Sirota Alexander,157 W 24 St.  ,Manhattan,New York,New York,157,W,24,St.,,,157 W 24 St.  ,,,Sirota
11941,2908,1910,Trow,826,Restaurant,Sisselman David,26 E 4 St.  ,Manhattan,New York,New York,26,E,4,St.,,,26 E 4 St.  ,,,Sisselman
11942,2909,1910,Trow,826,Restaurant,Sisselman & Lerman,215 Division St.   ,Manhattan,New York,New York,215,Division,St.,,,,215 Division St.   ,,,Sisselman
11943,2910,1910,Trow,826,Restaurant,Skirusky Paul,526 E 12 St.  ,Manhattan,New York,New York,526,E,12,St.,,,526 E 12 St.  ,,,Skirusky
11944,2911,1910,Trow,826,Restaurant,Skopas Thomas,3200 3 Ave   ,Manhattan,New York,New York,3200,3,Ave,,,,3200 3 Ave   ,,,Skopas
11945,2912,1910,Trow,826,Restaurant,Slattery J.,51 Whitehall St.   ,Manhattan,New York,New York,51,Whitehall,St.,,,,51 Whitehall St.   ,,,Slattery
11946,2913,1910,Trow,826,Restaurant,Slonimsky Harris,91 Orchard St.   ,Manhattan,New York,New York,91,Orchard,St.,,,,91 Orchard St.   ,,,Slonimsky
11947,2914,1910,Trow,826,Restaurant,Slonofsky Stephen & Co.,81 1 St.   ,Manhattan,New York,New York,81,1,St.,,,,81 1 St.   ,,,Slonofsky
11948,2915,1910,Trow,826,Restaurant,Slopkof Abraham,351 Amsterdam Ave   ,Manhattan,New York,New York,351,Amsterdam,Ave,,,,351 Amsterdam Ave   ,,,Slopkof
11949,2916,1910,Trow,826,Restaurant,Slutzkin Solomon,31 E 9 St.  ,Manhattan,New York,New York,31,E,9,St.,,,31 E 9 St.  ,,,Slutzkin
11950,2917,1910,Trow,826,Restaurant,Smid Louis,357 E 71 St.  ,Manhattan,New York,New York,357,E,71,St.,,,357 E 71 St.  ,,,Smid
11951,2918,1910,Trow,826,Restaurant,Smith Charles K. ,502 E Tremont Ave  ,Manhattan,New York,New York,502,E,Tremont,Ave,,,502 E Tremont Ave  ,,,Smith
11952,2919,1910,Trow,826,Restaurant,Smith John,132 W 20 St.  ,Manhattan,New York,New York,132,W,20,St.,,,132 W 20 St.  ,,,Smith
11953,2920,1910,Trow,826,Restaurant,Smith John W.,322 W 41 St.  ,Manhattan,New York,New York,322,W,41,St.,,,322 W 41 St.  ,,,Smith
11954,2921,1910,Trow,826,Restaurant,Smith Margaret,1932 Amsterdam Ave   ,Manhattan,New York,New York,1932,Amsterdam,Ave,,,,1932 Amsterdam Ave   ,,,Smith
11955,2922,1910,Trow,826,Restaurant,Smith Mary M.,284 Columbus St.   ,Manhattan,New York,New York,284,Columbus,St.,,,,284 Columbus St.   ,,,Smith
11956,2923,1910,Trow,826,Restaurant,Smith Samuel,2586 3 Ave   ,Manhattan,New York,New York,2586,3,Ave,,,,2586 3 Ave   ,,,Smith
11957,2924,1910,Trow,826,Restaurant,Smith & McNell's,200 Greenwich St.   ,Manhattan,New York,New York,200,Greenwich,St.,,,,200 Greenwich St.   ,,,Smith
11958,2925,1910,Trow,826,Restaurant,Smith & McNell's,199 Washn St.   ,Manhattan,New York,New York,199,Washn,St.,,,,199 Washn St.   ,,,Smith
11959,2926,1910,Trow,826,Restaurant,Smitzes & Zervakos,32 Madison St.   ,Manhattan,New York,New York,32,Madison,St.,,,,32 Madison St.   ,,,Smitzes
11960,2927,1910,Trow,826,Restaurant,Smolin Jacob,159 Greenwich St.   ,Manhattan,New York,New York,159,Greenwich,St.,,,,159 Greenwich St.   ,,,Smolin
11961,2928,1910,Trow,826,Restaurant,Smul Joseph,165 E Houston St.  ,Manhattan,New York,New York,165,E,Houston,St.,,,165 E Houston St.  ,,,Smul
11962,2929,1910,Trow,826,Restaurant,Snyder Florence M.,123 Warren St.   ,Manhattan,New York,New York,123,Warren,St.,,,,123 Warren St.   ,,,Snyder
11963,2930,1910,Trow,826,Restaurant,Sobel Joseph,86 Cortlandt St.   ,Manhattan,New York,New York,86,Cortlandt,St.,,,,86 Cortlandt St.   ,,,Sobel
11964,2931,1910,Trow,826,Restaurant,Soffredni V. & Co,51 Park St.   ,Manhattan,New York,New York,51,Park,St.,,,,51 Park St.   ,,,Soffredni
11965,2932,1910,Trow,826,Restaurant,Sohn Michael,202 Eldridge St.   ,Manhattan,New York,New York,202,Eldridge,St.,,,,202 Eldridge St.   ,,,Sohn
11966,2933,1910,Trow,826,Restaurant,Soldani & Co.,334 E 112 St.  ,Manhattan,New York,New York,334,E,112,St.,,,334 E 112 St.  ,,,Soldani
11967,2934,1910,Trow,826,Restaurant,Solinsky Samuel,11 Avenue near W 14 St.,Manhattan,New York,New York,11,Avenue,near,W,,,11 Avenue near W 14 St.,14,St.,Solinsky
11968,2935,1910,Trow,826,Restaurant,Solomon Isaac,160 Spring St.   ,Manhattan,New York,New York,160,Spring,St.,,,,160 Spring St.   ,,,Solomon
11969,2936,1910,Trow,826,Restaurant,Solomon Meyer,183 Park Row St.   ,Manhattan,New York,New York,183,Park Row,St.,,,,183 Park Row St.   ,,,Solomon
11970,2937,1910,Trow,826,Restaurant,Solomon Samuel,288 2 St.   ,Manhattan,New York,New York,288,2,St.,,,,288 2 St.   ,,,Solomon
11971,2938,1910,Trow,826,Restaurant,Somala Christopher,351 W 59 St.  ,Manhattan,New York,New York,351,W,59,St.,,,351 W 59 St.  ,,,Somala
11972,2939,1910,Trow,826,Restaurant,Somer & Kolawetzky,202 3 Ave   ,Manhattan,New York,New York,202,3,Ave,,,,202 3 Ave   ,,,Somer
11973,2940,1910,Trow,826,Restaurant,Somer & Kolawetzky,883 6 Ave   ,Manhattan,New York,New York,883,6,Ave,,,,883 6 Ave   ,,,Somer
11974,2941,1910,Trow,826,Restaurant,Sondak Brothers,22 Pike St.   ,Manhattan,New York,New York,22,Pike,St.,,,,22 Pike St.   ,,,Sondak
11975,2942,1910,Trow,826,Restaurant,Sondergaard Laurits,107 Broad St.   ,Manhattan,New York,New York,107,Broad,St.,,,,107 Broad St.   ,,,Sondergaard
11976,2943,1910,Trow,826,Restaurant,Soomakes Peter,68 Columbus Ave   ,Manhattan,New York,New York,68,Columbus,Ave,,,,68 Columbus Ave   ,,,Soomakes
11977,2944,1910,Trow,826,Chinese Restaurant,Soon Lee Low,2717 8 Ave   ,Manhattan,New York,New York,2717,8,Ave,,,,2717 8 Ave   ,,,Soon
11978,2945,1910,Trow,826,Restaurant,Sorlas George,18 N William St.  ,Manhattan,New York,New York,18,N,William,St.,,,18 N William St.  ,,,Sorlas
11979,2946,1910,Trow,826,Restaurant,Southwood Frederick C.,95 Lafayette St.   ,Manhattan,New York,New York,95,Lafayette,St.,,,,95 Lafayette St.   ,,,Southwood
11980,2947,1910,Trow,826,Restaurant,Souval Restaurant Co.,61 Cortlandt St.   ,Manhattan,New York,New York,61,Cortlandt,St.,,,,61 Cortlandt St.   ,,,Souval
11981,2948,1910,Trow,826,Restaurant,Spaduzzi Antonio,664 9 Ave   ,Manhattan,New York,New York,664,9,Ave,,,,664 9 Ave   ,,,Spaduzzi
11982,2949,1910,Trow,826,Restaurant,Spagnuolo Gennaro,29 Carmine St.   ,Manhattan,New York,New York,29,Carmine,St.,,,,29 Carmine St.   ,,,Spagnuolo
11983,2950,1910,Trow,826,Restaurant,Spanier Harris,49 E Houston  St.  ,Manhattan,New York,New York,49,E,Houston ,St.,,,49 E Houston  St.  ,,,Spanier
11984,2951,1910,Trow,826,Restaurant,Spano Vincenzo ,238 Mott St.   ,Manhattan,New York,New York,238,Mott,St.,,,,238 Mott St.   ,,,Spano
11985,2952,1910,Trow,826,Restaurant,Sparks Maurice,620 Madison Ave   ,Manhattan,New York,New York,620,Madison,Ave,,,,620 Madison Ave   ,,,Sparks
11986,2953,1910,Trow,826,Restaurant,Specht Henry,234 3 St.   ,Manhattan,New York,New York,234,3,St.,,,,234 3 St.   ,,,Specht
11987,2954,1910,Trow,826,Restaurant,Speretakes Demokretos,12 Old Sl   ,Manhattan,New York,New York,12,Old,Sl,,,,12 Old Sl   ,,,Speretakes
11988,2955,1910,Trow,826,Restaurant,Spiegel Louis,98 Cannon St.   ,Manhattan,New York,New York,98,Cannon,St.,,,,98 Cannon St.   ,,,Spiegel
11989,2956,1910,Trow,826,Restaurant,Spiegel Louis II,308 2 St.   ,Manhattan,New York,New York,308,2,St.,,,,308 2 St.   ,,,Spiegel
11990,2957,1910,Trow,826,Restaurant,Spielberger Jacob,409 E Houston  St.  ,Manhattan,New York,New York,409,E,Houston ,St.,,,409 E Houston  St.  ,,,Spielberger
11991,2958,1910,Trow,826,Restaurant,Spierman Henry,287 Greenwich St.   ,Manhattan,New York,New York,287,Greenwich,St.,,,,287 Greenwich St.   ,,,Spierman
11992,2959,1910,Trow,826,Restaurant,Spitz Morris,11 Avenue D    ,Manhattan,New York,New York,11,Avenue D,,,,,11 Avenue D    ,,,Spitz
11993,2960,1910,Trow,826,Restaurant,Spitzbart Herman,123 Avenue D    ,Manhattan,New York,New York,123,Avenue D,,,,,123 Avenue D    ,,,Spitzbart
11994,2961,1910,Trow,826,Restaurant,Spiwack Samuel,234 E Broadway   ,Manhattan,New York,New York,234,E,Broadway,,,,234 E Broadway   ,,,Spiwack
11995,2962,1910,Trow,826,Restaurant,Sporn & even,38 W 29 St.  ,Manhattan,New York,New York,38,W,29,St.,,,38 W 29 St.  ,,,Sporn
11996,2963,1910,Trow,826,Restaurant,Sprague D. J. & Co,33 Cortlandt St.   ,Manhattan,New York,New York,33,Cortlandt,St.,,,,33 Cortlandt St.   ,,,Sprague
11997,2964,1910,Trow,826,Restaurant,Spranger George,452 11 Ave   ,Manhattan,New York,New York,452,11,Ave,,,,452 11 Ave   ,,,Spranger
11998,2965,1910,Trow,826,Restaurant,Sproule Anthony,208 W 30 St.  ,Manhattan,New York,New York,208,W,30,St.,,,208 W 30 St.  ,,,Sproule
11999,2966,1910,Trow,826,Restaurant,Squieclarini Nicholas,344 E 12 St.  ,Manhattan,New York,New York,344,E,12,St.,,,344 E 12 St.  ,,,Squieclarini
12000,2967,1910,Trow,826,Restaurant,Stadler Louis,52 E 4 St.  ,Manhattan,New York,New York,52,E,4,St.,,,52 E 4 St.  ,,,Stadler
12001,2968,1910,Trow,826,Restaurant,Stadler Max,63 E 4 St.  ,Manhattan,New York,New York,63,E,4,St.,,,63 E 4 St.  ,,,Stadler
12002,2969,1910,Trow,826,Restaurant,Stadler Solomon J.,22 W 17 St.  ,Manhattan,New York,New York,22,W,17,St.,,,22 W 17 St.  ,,,Stadler
12003,2970,1910,Trow,826,Restaurant,Stambaugh Brothers,400 6 Ave   ,Manhattan,New York,New York,400,6,Ave,,,,400 6 Ave   ,,,Stambaugh
12004,2971,1910,Trow,826,Restaurant,Stampf Joseph,441 6 Ave   ,Manhattan,New York,New York,441,6,Ave,,,,441 6 Ave   ,,,Stampf
12005,2972,1910,Trow,826,Restaurant,Standers Gerhard,724 Amsterdam Ave   ,Manhattan,New York,New York,724,Amsterdam,Ave,,,,724 Amsterdam Ave   ,,,Standers
12006,2973,1910,Trow,826,Restaurant,Star Restaurant,151 Bleecker St.   ,Manhattan,New York,New York,151,Bleecker,St.,,,,151 Bleecker St.   ,,,Star
12007,2974,1910,Trow,826,Restaurant,Star Restaurant,165 Bleecker St.   ,Manhattan,New York,New York,165,Bleecker,St.,,,,165 Bleecker St.   ,,,Star
12008,2975,1910,Trow,826,Restaurant,Starace Antonio,299 E 11 St.  ,Manhattan,New York,New York,299,E,11,St.,,,299 E 11 St.  ,,,Starace
12009,2976,1910,Trow,826,Restaurant,Stark Anthony J.,441 9 Ave   ,Manhattan,New York,New York,441,9,Ave,,,,441 9 Ave   ,,,Stark
12010,2977,1910,Trow,826,Restaurant,Stark Kalman,329 Broome St.   ,Manhattan,New York,New York,329,Broome,St.,,,,329 Broome St.   ,,,Stark
12011,2978,1910,Trow,826,Restaurant,Stark Max,1 2 Ave   ,Manhattan,New York,New York,1,2,Ave,,,,1 2 Ave   ,,,Stark
12012,2979,1910,Trow,826,Restaurant,Stark Nathan,45 E 9 St.  ,Manhattan,New York,New York,45,E,9,St.,,,45 E 9 St.  ,,,Stark
12013,2980,1910,Trow,826,Restaurant,Starkey Roswell,151 W 35 St.  ,Manhattan,New York,New York,151,W,35,St.,,,151 W 35 St.  ,,,Starkey
12014,2981,1910,Trow,826,Restaurant,Stavrakos Peter S.,289 3 Ave   ,Manhattan,New York,New York,289,3,Ave,,,,289 3 Ave   ,,,Stavrakos
12015,2982,1910,Trow,826,Restaurant,Stearns Rudolph,213 W 125 St.  ,Manhattan,New York,New York,213,W,125,St.,,,213 W 125 St.  ,,,Stearns
12016,2983,1910,Trow,826,Restaurant,Steckel Nathan,230 E 14 St.  ,Manhattan,New York,New York,230,E,14,St.,,,230 E 14 St.  ,,,Steckel
12017,2984,1910,Trow,826,Restaurant,Stefanick Paul,856 1 Ave   ,Manhattan,New York,New York,856,1,Ave,,,,856 1 Ave   ,,,Stefanick
12018,2985,1910,Trow,826,Restaurant,Steiermann Max H.,189 7 Ave   ,Manhattan,New York,New York,189,7,Ave,,,,189 7 Ave   ,,,Steiermann
12019,2986,1910,Trow,826,Restaurant,Stein Abraham,59 3 Ave   ,Manhattan,New York,New York,59,3,Ave,,,,59 3 Ave   ,,,Stein
12020,2987,1910,Trow,826,Restaurant,Stein Henry,128 E  Broadway   ,Manhattan,New York,New York,128,E ,Broadway,,,,128 E  Broadway   ,,,Stein
12021,2988,1910,Trow,826,Restaurant,Stein Philip,62 Fulton St.   ,Manhattan,New York,New York,62,Fulton,St.,,,,62 Fulton St.   ,,,Stein
12022,2989,1910,Trow,826,Restaurant,Stein & Gold,62 Avenue B    ,Manhattan,New York,New York,62,Avenue B,,,,,62 Avenue B    ,,,Stein
12023,2990,1910,Trow,826,Restaurant,Stein & Horn,168 E Houston St.  ,Manhattan,New York,New York,168,E,Houston,St.,,,168 E Houston St.  ,,,Stein
12024,2991,1910,Trow,826,Restaurant,Steinberg Hyman,121 E Houston St.  ,Manhattan,New York,New York,121,E,Houston,St.,,,121 E Houston St.  ,,,Steinberg
12025,2992,1910,Trow,826,Restaurant,Steinberg Joseph C.,36 W 27 St.  ,Manhattan,New York,New York,36,W,27,St.,,,36 W 27 St.  ,,,Steinberg
12026,2993,1910,Trow,826,Restaurant,Steiner Joseph,117 Cannon St.   ,Manhattan,New York,New York,117,Cannon,St.,,,,117 Cannon St.   ,,,Steiner
12027,2994,1910,Trow,826,Restaurant,Steiner Marcus,249 Cherry St.   ,Manhattan,New York,New York,249,Cherry,St.,,,,249 Cherry St.   ,,,Steiner
12028,2995,1910,Trow,826,Restaurant,Steiner Solomon,336 Rivington St.   ,Manhattan,New York,New York,336,Rivington,St.,,,,336 Rivington St.   ,,,Steiner
12029,2996,1910,Trow,826,Restaurant,Steinfest Reuben,1638 Madison Ave   ,Manhattan,New York,New York,1638,Madison,Ave,,,,1638 Madison Ave   ,,,Steinfest
12030,2997,1910,Trow,826,Restaurant,Steinhardt Restaurant & Catering Co,203 Front St.   ,Manhattan,New York,New York,203,Front,St.,,,,203 Front St.   ,,,Steinhardt
12031,2998,1910,Trow,826,Restaurant,Steinherz Alexander,28 W 18 St.  ,Manhattan,New York,New York,28,W,18,St.,,,28 W 18 St.  ,,,Steinherz
12032,2999,1910,Trow,826,Restaurant,Steinman David,310 Madison St.   ,Manhattan,New York,New York,310,Madison,St.,,,,310 Madison St.   ,,,Steinman
12033,3000,1910,Trow,826,Restaurant,Stellakos Thomas,949 3 Ave   ,Manhattan,New York,New York,949,3,Ave,,,,949 3 Ave   ,,,Stellakos
12034,3001,1910,Trow,826,Restaurant,Stephanoff Vasil P.,109 Greenwich St.   ,Manhattan,New York,New York,109,Greenwich,St.,,,,109 Greenwich St.   ,,,Stephanoff
12035,3002,1910,Trow,826,Restaurant,Stephens William B.,173 3 Ave   ,Manhattan,New York,New York,173,3,Ave,,,,173 3 Ave   ,,,Stephens
12036,3003,1910,Trow,826,Restaurant,Stephens William E.,144 E 59 St.  ,Manhattan,New York,New York,144,E,59,St.,,,144 E 59 St.  ,,,Stephens
12037,3004,1910,Trow,826,Restaurant,Stern Benjamin,71 Centre St.   ,Manhattan,New York,New York,71,Centre,St.,,,,71 Centre St.   ,,,Stern
12038,3005,1910,Trow,826,Restaurant,Stern David,7 E 116 St.  ,Manhattan,New York,New York,7,E,116,St.,,,7 E 116 St.  ,,,Stern
12039,3006,1910,Trow,826,Restaurant,Stern Joseph,126 Sheriff St.   ,Manhattan,New York,New York,126,Sheriff,St.,,,,126 Sheriff St.   ,,,Stern
12040,3007,1910,Trow,826,Restaurant,Stern Max,828 9 Ave   ,Manhattan,New York,New York,828,9,Ave,,,,828 9 Ave   ,,,Stern
12041,3008,1910,Trow,826,Restaurant,Stern Rudolph,2426 8 Ave   ,Manhattan,New York,New York,2426,8,Ave,,,,2426 8 Ave   ,,,Stern
12042,3009,1910,Trow,826,Restaurant,Stern Simon,60 John St.   ,Manhattan,New York,New York,60,John,St.,,,,60 John St.   ,,,Stern
12043,3010,1910,Trow,826,Restaurant,Stern Brothers,22 Beaver St.   ,Manhattan,New York,New York,22,Beaver,St.,,,,22 Beaver St.   ,,,Stern
12044,3011,1910,Trow,826,Restaurant,Stern Brothers II,49 Bowery St.   ,Manhattan,New York,New York,49,Bowery,St.,,,,49 Bowery St.   ,,,Stern
12045,3012,1910,Trow,826,Restaurant,Stern Brothers II,313 Bowery St.   ,Manhattan,New York,New York,313,Bowery,St.,,,,313 Bowery St.   ,,,Stern
12046,3013,1910,Trow,826,Restaurant,Sternberg Solomon,7 Avenue C    ,Manhattan,New York,New York,7,Avenue C,,,,,7 Avenue C    ,,,Sternberg
12047,3014,1910,Trow,826,Restaurant,Sternlicht & Advocat,35 W 20 St.  ,Manhattan,New York,New York,35,W,20,St.,,,35 W 20 St.  ,,,Sternlicht
12048,3015,1910,Trow,826,Restaurant,Stewart George E.,2132 8 Ave   ,Manhattan,New York,New York,2132,8,Ave,,,,2132 8 Ave   ,,,Stewart
12049,3016,1910,Trow,826,Restaurant,Stich Samuel,134 Rivington St.   ,Manhattan,New York,New York,134,Rivington,St.,,,,134 Rivington St.   ,,,Stich
12050,3017,1910,Trow,826,Restaurant,Still George M. & Co.,195 3 Ave   ,Manhattan,New York,New York,195,3,Ave,,,,195 3 Ave   ,,,Still
12051,3018,1910,Trow,826,Restaurant,Stimis & Pieper,191 William St.   ,Manhattan,New York,New York,191,William,St.,,,,191 William St.   ,,,Stimis
12052,3019,1910,Trow,826,Restaurant,Stimis & Pieper,192 William St.   ,Manhattan,New York,New York,192,William,St.,,,,192 William St.   ,,,Stimis
12053,3020,1910,Trow,826,Restaurant,Stingel Henry,1734 2 Ave   ,Manhattan,New York,New York,1734,2,Ave,,,,1734 2 Ave   ,,,Stingel
12054,3021,1910,Trow,826,Restaurant,Stocker William G.,97 2 Ave   ,Manhattan,New York,New York,97,2,Ave,,,,97 2 Ave   ,,,Stocker
12055,3022,1910,Trow,826,Restaurant,Stocks Adelaide L.,42 Whitehall St.   ,Manhattan,New York,New York,42,Whitehall,St.,,,,42 Whitehall St.   ,,,Stocks
12056,3023,1910,Trow,826,Restaurant,Stone Louis,211 Canal St.   ,Manhattan,New York,New York,211,Canal,St.,,,,211 Canal St.   ,,,Stone
12057,3024,1910,Trow,826,Restaurant,Stone Max,329 Church St.   ,Manhattan,New York,New York,329,Church,St.,,,,329 Church St.   ,,,Stone
12058,3025,1910,Trow,826,Restaurant,Stoine Leo,490 Lenox Ave   ,Manhattan,New York,New York,490,Lenox,Ave,,,,490 Lenox Ave   ,,,Stoine
12059,3026,1910,Trow,826,Restaurant,Strasser Max,69 W 125 St.  ,Manhattan,New York,New York,69,W,125,St.,,,69 W 125 St.  ,,,Strasser
12060,3027,1910,Trow,826,Restaurant,Statis Constantine,91 Cherry St.   ,Manhattan,New York,New York,91,Cherry,St.,,,,91 Cherry St.   ,,,Statis
12061,3028,1910,Trow,826,Restaurant,Strauss David,1750 1 Ave   ,Manhattan,New York,New York,1750,1,Ave,,,,1750 1 Ave   ,,,Strauss
12062,3029,1910,Trow,826,Restaurant,Sterifer Joseph,113 Mercer St.   ,Manhattan,New York,New York,113,Mercer,St.,,,,113 Mercer St.   ,,,Sterifer
12063,3030,1910,Trow,826,Restaurant,Stricker William,103 Amsterdam Ave   ,Manhattan,New York,New York,103,Amsterdam,Ave,,,,103 Amsterdam Ave   ,,,Stricker
12064,3031,1910,Trow,826,Restaurant,Stroebel Leonard,2005 1 Ave   ,Manhattan,New York,New York,2005,1,Ave,,,,2005 1 Ave   ,,,Stroebel
12065,3032,1910,Trow,826,Restaurant,Strohm Helen,985 Columbus Ave   ,Manhattan,New York,New York,985,Columbus,Ave,,,,985 Columbus Ave   ,,,Strohm
12066,3033,1910,Trow,826,Restaurant,Strothmann Frederick,110 University  pl   ,Manhattan,New York,New York,110,University ,pl,,,,110 University  pl   ,,,Strothmann
12067,3034,1910,Trow,826,Restaurant,Stroub Brothers,153 E 125 St.  ,Manhattan,New York,New York,153,E,125,St.,,,153 E 125 St.  ,,,Stroub
12068,3035,1910,Trow,826,Restaurant,Strulovich Haskel,80 Rivington St.   ,Manhattan,New York,New York,80,Rivington,St.,,,,80 Rivington St.   ,,,Strulovich
12069,3036,1910,Trow,826,Restaurant,Student Isaac,241 Rivington St.   ,Manhattan,New York,New York,241,Rivington,St.,,,,241 Rivington St.   ,,,Student
12070,3037,1910,Trow,826,Restaurant,Stuetzle Brothers,1 Hanover Sq   ,Manhattan,New York,New York,1,Hanover,Sq,,,,1 Hanover Sq   ,,,Stuetzle
12071,3038,1910,Trow,826,Restaurant,Stuhler William,110 Charton St.   ,Manhattan,New York,New York,110,Charton,St.,,,,110 Charton St.   ,,,Stuhler
12072,3039,1910,Trow,826,Restaurant,Sturgess Dora,13 E 33 St.  ,Manhattan,New York,New York,13,E,33,St.,,,13 E 33 St.  ,,,Sturgess
12073,3040,1910,Trow,826,Restaurant,Sturm Adolph,3345 3 Ave   ,Manhattan,New York,New York,3345,3,Ave,,,,3345 3 Ave   ,,,Sturm
12074,3041,1910,Trow,826,Restaurant,Sudwertz Simon,182 Rivington St.   ,Manhattan,New York,New York,182,Rivington,St.,,,,182 Rivington St.   ,,,Sudwertz
12075,3042,1910,Trow,826,Restaurant,Suesskind Adolph,145 E 58 St.  ,Manhattan,New York,New York,145,E,58,St.,,,145 E 58 St.  ,,,Suesskind
12076,3043,1910,Trow,826,Restaurant,Sullau Frederick W.,24 E 21 St.  ,Manhattan,New York,New York,24,E,21,St.,,,24 E 21 St.  ,,,Sullau
12077,3044,1910,Trow,826,Restaurant,Sullivan Thomas,367 E 133 St.  ,Manhattan,New York,New York,367,E,133,St.,,,367 E 133 St.  ,,,Sullivan
12078,3045,1910,Trow,826,Restaurant,Sulliva Thomass Ii,2292 8 Ave   ,Manhattan,New York,New York,2292,8,Ave,,,,2292 8 Ave   ,,,Sulliva
12079,3046,1910,Trow,826,Chinese Restaurant,Sun Hip Chong,203 W 38 St.  ,Manhattan,New York,New York,203,W,38,St.,,,203 W 38 St.  ,,,Sun
12080,3047,1910,Trow,826,Restaurant,Snny South Tea Room,3 W 38 St.  ,Manhattan,New York,New York,3,W,38,St.,,,3 W 38 St.  ,,,Snny
12081,3048,1910,Trow,826,Restaurant,Surridge John M. jr,2784 Webster  Ave   ,Manhattan,New York,New York,2784,Webster ,Ave,,,,2784 Webster  Ave   ,,,Surridge
12082,3049,1910,Trow,826,Restaurant,Surridge Martha,4207 3 Ave   ,Manhattan,New York,New York,4207,3,Ave,,,,4207 3 Ave   ,,,Surridge
12083,3050,1910,Trow,826,Restaurant,Suss Isidor,234 2 St.   ,Manhattan,New York,New York,234,2,St.,,,,234 2 St.   ,,,Suss
12084,3051,1910,Trow,826,Restaurant,Susskind Charles,354 E 59 St.  ,Manhattan,New York,New York,354,E,59,St.,,,354 E 59 St.  ,,,Susskind
12085,3052,1910,Trow,826,Restaurant,Sutton Frank D.,342 E 34 St.  ,Manhattan,New York,New York,342,E,34,St.,,,342 E 34 St.  ,,,Sutton
12086,3053,1910,Trow,826,Restaurant,Sweeney James J.,37 Beaver St.   ,Manhattan,New York,New York,37,Beaver,St.,,,,37 Beaver St.   ,,,Sweeney
12087,3054,1910,Trow,826,Restaurant,Sweet's A. M. Sons,4 Fulton St.   ,Manhattan,New York,New York,4,Fulton,St.,,,,4 Fulton St.   ,,,Sweet's
12088,3055,1910,Trow,826,Restaurant,Syracs Gostas,45 W 29 St.  ,Manhattan,New York,New York,45,W,29,St.,,,45 W 29 St.  ,,,Syracs
12089,3056,1910,Trow,826,Restaurant,Szallar Stefan,534 6 St.   ,Manhattan,New York,New York,534,6,St.,,,,534 6 St.   ,,,Szallar
12090,3057,1910,Trow,826,Restaurant,Szeifert Joseph,334 E 54 St.  ,Manhattan,New York,New York,334,E,54,St.,,,334 E 54 St.  ,,,Szeifert
12091,3058,1910,Trow,826,Restaurant,Taendler Martin,4217 3 Ave   ,Manhattan,New York,New York,4217,3,Ave,,,,4217 3 Ave   ,,,Taendler
12092,3059,1910,Trow,826,Restaurant,Taffany Daniel,131 Church St.   ,Manhattan,New York,New York,131,Church,St.,,,,131 Church St.   ,,,Taffany
12093,3060,1910,Trow,826,Restaurant,Tally-Ho Co.,20 E 34 St.  ,Manhattan,New York,New York,20,E,34,St.,,,20 E 34 St.  ,,,Tally-Ho
12094,3061,1910,Trow,826,Restaurant,Talenberg Jacob,102 Pitt St.   ,Manhattan,New York,New York,102,Pitt,St.,,,,102 Pitt St.   ,,,Talenberg
12095,3062,1910,Trow,826,Restaurant,Taliento Michael,70.5 James St.   ,Manhattan,New York,New York,70.5,James,St.,,,,70 James St.   ,,,Taliento
12096,3063,1910,Trow,826,Restaurant,Tane Hyman ,139 Orchard St.   ,Manhattan,New York,New York,139,Orchard,St.,,,,139 Orchard St.   ,,,Tane
12097,3064,1910,Trow,826,Restaurant,Tannenbaum Hyman,218 Madison St.   ,Manhattan,New York,New York,218,Madison,St.,,,,218 Madison St.   ,,,Tannenbaum
12098,3065,1910,Trow,826,Restaurant,Tantum Brothers,1995 Amsterdam Ave   ,Manhattan,New York,New York,1995,Amsterdam,Ave,,,,1995 Amsterdam Ave   ,,,Tantum
12099,3066,1910,Trow,826,Restaurant,Tarantino F.,349 E 104 St.  ,Manhattan,New York,New York,349,E,104,St.,,,349 E 104 St.  ,,,Tarantino
12100,3067,1910,Trow,826,Restaurant,Taxier Theodore ,61 W Houston St.  ,Manhattan,New York,New York,61,W,Houston,St.,,,61 W Houston St.  ,,,Taxier
12101,3068,1910,Trow,826,Restaurant,Teimes James,100 W 43 St.  ,Manhattan,New York,New York,100,W,43,St.,,,100 W 43 St.  ,,,Teimes
12102,3069,1910,Trow,826,Restaurant,Tember Issaac,240 Delancey St.   ,Manhattan,New York,New York,240,Delancey,St.,,,,240 Delancey St.   ,,,Tember
12103,3070,1910,Trow,826,Restaurant,Tepper Max,30 W 19 St.  ,Manhattan,New York,New York,30,W,19,St.,,,30 W 19 St.  ,,,Tepper
12104,3071,1910,Trow,826,Restaurant,Teplitzky Kessel,307 Broome St.   ,Manhattan,New York,New York,307,Broome,St.,,,,307 Broome St.   ,,,Teplitzky
12105,3072,1910,Trow,826,Restaurant,Teplitzky Kessel,108 Forsyth St.   ,Manhattan,New York,New York,108,Forsyth,St.,,,,108 Forsyth St.   ,,,Teplitzky
12106,3073,1910,Trow,826,Restaurant,Terminal Lunch Club,201 Fulton St.   ,Manhattan,New York,New York,201,Fulton,St.,,,,201 Fulton St.   ,,,Terminal
12107,3074,1910,Trow,826,Restaurant,Terminal Lunch Co,10 Courtlandt St.   ,Manhattan,New York,New York,10,Courtlandt,St.,,,,10 Courtlandt St.   ,,,Terminal
12108,3075,1910,Trow,826,Restaurant,Terry Jeanette ,17 State St.   ,Manhattan,New York,New York,17,State,St.,,,,17 State St.   ,,,Terry
12109,3076,1910,Trow,826,Restaurant,Terzian Hovhannus,151 E 26 St.  ,Manhattan,New York,New York,151,E,26,St.,,,151 E 26 St.  ,,,Terzian
12110,3077,1910,Trow,826,Restaurant,Tessandori Louis,174 Prince St.   ,Manhattan,New York,New York,174,Prince,St.,,,,174 Prince St.   ,,,Tessandori
12111,3078,1910,Trow,826,Restaurant,Tettelbaum Joseph,21 E 15 St.  ,Manhattan,New York,New York,21,E,15,St.,,,21 E 15 St.  ,,,Tettelbaum
12112,3079,1910,Trow,826,Restaurant,Tetles Emanuel,115 Cherry St.   ,Manhattan,New York,New York,115,Cherry,St.,,,,115 Cherry St.   ,,,Tetles
12113,3080,1910,Trow,826,Restaurant,Thaler Charles,134 3 Ave   ,Manhattan,New York,New York,134,3,Ave,,,,134 3 Ave   ,,,Thaler
12114,3081,1910,Trow,826,Restaurant,Thanasoulis Peter,133 7 Ave   ,Manhattan,New York,New York,133,7,Ave,,,,133 7 Ave   ,,,Thanasoulis
12115,3082,1910,Trow,826,Restaurant,Thatt Fanny,63 E 12 St.  ,Manhattan,New York,New York,63,E,12,St.,,,63 E 12 St.  ,,,Thatt
12116,3083,1910,Trow,826,Restaurant,Thabner William,40 Peck  Sl   ,Manhattan,New York,New York,40,Peck ,Sl,,,,40 Peck  Sl   ,,,Thabner
12117,3084,1910,Trow,826,Restaurant,Theodore Abraham,65 W Houston St.  ,Manhattan,New York,New York,65,W,Houston,St.,,,65 W Houston St.  ,,,Theodore
12118,3085,1910,Trow,826,Restaurant,Theuerstein Fishel,109 Columbia St.   ,Manhattan,New York,New York,109,Columbia,St.,,,,109 Columbia St.   ,,,Theuerstein
12119,3086,1910,Trow,826,Restaurant,Thoelen Henry W.,67 4 Ave   ,Manhattan,New York,New York,67,4,Ave,,,,67 4 Ave   ,,,Thoelen
12120,3087,1910,Trow,826,Restaurant,Thomas Benjamin F.,213 W 33 St.  ,Manhattan,New York,New York,213,W,33,St.,,,213 W 33 St.  ,,,Thomas
12121,3088,1910,Trow,826,Restaurant,Thomas Dairy Lunch,317 Broadway    ,Manhattan,New York,New York,317,Broadway,,,,,317 Broadway    ,,,Thomas
12122,3089,1910,Trow,826,Restaurant,Thomas F. Albert,26 E 20 St.  ,Manhattan,New York,New York,26,E,20,St.,,,26 E 20 St.  ,,,Thomas
12123,3090,1910,Trow,826,Restaurant,Thomas Harry,228 Greenwich St.   ,Manhattan,New York,New York,228,Greenwich,St.,,,,228 Greenwich St.   ,,,Thomas
12124,3091,1910,Trow,826,Restaurant,Thomas Mary,418 1 Ave   ,Manhattan,New York,New York,418,1,Ave,,,,418 1 Ave   ,,,Thomas
12125,3092,1910,Trow,826,Restaurant,Thomas & Cadney,60 W 27 St.  ,Manhattan,New York,New York,60,W,27,St.,,,60 W 27 St.  ,,,Thomas
12126,3093,1910,Trow,826,Restaurant,Thompson William H.,2314 8 Ave   ,Manhattan,New York,New York,2314,8,Ave,,,,2314 8 Ave   ,,,Thompson
12127,3094,1910,Trow,826,Restaurant,Thorpe John B.,430 Columbus Ave   ,Manhattan,New York,New York,430,Columbus,Ave,,,,430 Columbus Ave   ,,,Thorpe
12128,3095,1910,Trow,826,Restaurant,Thorpe John B.,2149 8 Ave   ,Manhattan,New York,New York,2149,8,Ave,,,,2149 8 Ave   ,,,Thorpe
12129,3096,1910,Trow,826,Restaurant,Tierney Anne,174 8 Ave   ,Manhattan,New York,New York,174,8,Ave,,,,174 8 Ave   ,,,Tierney
12130,3097,1910,Trow,826,Restaurant,Till F.,34 E 28 St.  ,Manhattan,New York,New York,34,E,28,St.,,,34 E 28 St.  ,,,Till
12131,3098,1910,Trow,826,Restaurant,Tivnan Peter Lunch Co.,42 E 42 St.  ,Manhattan,New York,New York,42,E,42,St.,,,42 E 42 St.  ,,,Tivnan
12132,3099,1910,Trow,826,Restaurant,Tivnan Peter Lunch Co.,6 Columbus Ave   ,Manhattan,New York,New York,6,Columbus,Ave,,,,6 Columbus Ave   ,,,Tivnan
12133,3100,1910,Trow,826,Restaurant,Titsworth Nathan R.,1647 3 Ave   ,Manhattan,New York,New York,1647,3,Ave,,,,1647 3 Ave   ,,,Titsworth
12134,3101,1910,Trow,826,Restaurant,Tobia Gildo,254 W 34 St.  ,Manhattan,New York,New York,254,W,34,St.,,,254 W 34 St.  ,,,Tobia
12135,3102,1910,Trow,826,Restaurant,Tolken Conrad,480 Greenwich St.   ,Manhattan,New York,New York,480,Greenwich,St.,,,,480 Greenwich St.   ,,,Tolken
12136,3103,1910,Trow,826,Restaurant,Tomashoff Arnold,411 Broadway    ,Manhattan,New York,New York,411,Broadway,,,,,411 Broadway    ,,,Tomashoff
12137,3104,1910,Trow,826,Restaurant,Tombrakos John,163 Bleecker St.   ,Manhattan,New York,New York,163,Bleecker,St.,,,,163 Bleecker St.   ,,,Tombrakos
12138,3105,1910,Trow,826,Restaurant,Tomsuden & Jantzen,616 Grand St.   ,Manhattan,New York,New York,616,Grand,St.,,,,616 Grand St.   ,,,Tomsuden
12139,3106,1910,Trow,826,Restaurant,Tonjes D. & J. H.,300 W 125 St.  ,Manhattan,New York,New York,300,W,125,St.,,,300 W 125 St.  ,,,Tonjes
12140,3107,1910,Trow,826,Restaurant,Toplitz Harry L.,41 Broad St.   ,Manhattan,New York,New York,41,Broad,St.,,,,41 Broad St.   ,,,Toplitz
12141,3108,1910,Trow,826,Restaurant,Torok Andrew,422 E 70 St.  ,Manhattan,New York,New York,422,E,70,St.,,,422 E 70 St.  ,,,Torok
12142,3109,1910,Trow,826,Restaurant,Torri Madeline,12 W 8 St.  ,Manhattan,New York,New York,12,W,8,St.,,,12 W 8 St.  ,,,Torri
12143,3110,1910,Trow,826,Restaurant,Torrice V. ,125 Baxter St.   ,Manhattan,New York,New York,125,Baxter,St.,,,,125 Baxter St.   ,,,Torrice
12144,3111,1910,Trow,826,Restaurant,Townsend & Luckey ,22 W 23 St.  ,Manhattan,New York,New York,22,W,23,St.,,,22 W 23 St.  ,,,Townsend
12145,3112,1910,Trow,826,Restaurant,Trainer Mary L.,154 E 27 St.  ,Manhattan,New York,New York,154,E,27,St.,,,154 E 27 St.  ,,,Trainer
12146,3113,1910,Trow,826,Restaurant,Tran Henry,29 W 19 St.  ,Manhattan,New York,New York,29,W,19,St.,,,29 W 19 St.  ,,,Tran
12147,3114,1910,Trow,826,Restaurant,Traub Ignatz,229 E 4 St.  ,Manhattan,New York,New York,229,E,4,St.,,,229 E 4 St.  ,,,Traub
12148,3115,1910,Trow,826,Restaurant,Traub & Schulman ,48 W 21 St.  ,Manhattan,New York,New York,48,W,21,St.,,,48 W 21 St.  ,,,Traub
12149,3116,1910,Trow,826,Restaurant,Traverso Frank,218 Lafayette St.   ,Manhattan,New York,New York,218,Lafayette,St.,,,,218 Lafayette St.   ,,,Traverso
12150,3117,1910,Trow,826,Restaurant,Treffurth Richard L.,428 Lafayette St.   ,Manhattan,New York,New York,428,Lafayette,St.,,,,428 Lafayette St.   ,,,Treffurth
12151,3118,1910,Trow,826,Restaurant,Tremont Restaurant & Chop House,4217 3 Ave   ,Manhattan,New York,New York,4217,3,Ave,,,,4217 3 Ave   ,,,Tremont
12152,3119,1910,Trow,826,Restaurant,Trennert Charles,2380 3 Ave   ,Manhattan,New York,New York,2380,3,Ave,,,,2380 3 Ave   ,,,Trennert
12153,3120,1910,Trow,826,Restaurant,Tribizash Cornelli,109 3 St.   ,Manhattan,New York,New York,109,3,St.,,,,109 3 St.   ,,,Tribizash
12154,3121,1910,Trow,826,Restaurant,Trist Julius,1572 2 Ave   ,Manhattan,New York,New York,1572,2,Ave,,,,1572 2 Ave   ,,,Trist
12155,3122,1910,Trow,826,Restaurant,Troller Conrad,21 N Moore St.  ,Manhattan,New York,New York,21,N,Moore,St.,,,21 N Moore St.  ,,,Troller
12156,3123,1910,Trow,826,Restaurant,Troller Conrad II,282 10 Ave   ,Manhattan,New York,New York,282,10,Ave,,,,282 10 Ave   ,,,Troller
12157,3124,1910,Trow,826,Restaurant,Trombino Pasquale,310 E 12 St.  ,Manhattan,New York,New York,310,E,12,St.,,,310 E 12 St.  ,,,Trombino
12158,3125,1910,Trow,826,Restaurant,Trotzky Herman,235 Mercer St.   ,Manhattan,New York,New York,235,Mercer,St.,,,,235 Mercer St.   ,,,Trotzky
12159,3126,1910,Trow,826,Chinese Restaurant,Tsu Hing Low & Co,219 W 125 St.  ,Manhattan,New York,New York,219,W,125,St.,,,219 W 125 St.  ,,,Tsu
12160,3127,1910,Trow,826,Chinese Restaurant,Tuck On,86 8 Ave   ,Manhattan,New York,New York,86,8,Ave,,,,86 8 Ave   ,,,Tuck
12161,3128,1910,Trow,826,Restaurant,Tucker Frank,40 Bowery St.   ,Manhattan,New York,New York,40,Bowery,St.,,,,40 Bowery St.   ,,,Tucker
12162,3129,1910,Trow,826,Restaurant,Tucker Sarah M.,14 W 33 St.  ,Manhattan,New York,New York,14,W,33,St.,,,14 W 33 St.  ,,,Tucker
12163,3130,1910,Trow,826,Restaurant,Tuggia James,259 E 151 St.  ,Manhattan,New York,New York,259,E,151,St.,,,259 E 151 St.  ,,,Tuggia
12164,3131,1910,Trow,826,Restaurant,Tumaser Scholem,154 Allen St.   ,Manhattan,New York,New York,154,Allen,St.,,,,154 Allen St.   ,,,Tumaser
12165,3132,1910,Trow,826,Restaurant,Tuppack Paul E.,230 E 59 St.  ,Manhattan,New York,New York,230,E,59,St.,,,230 E 59 St.  ,,,Tuppack
12166,3133,1910,Trow,826,Restaurant,Tuttie Joseph F.,729 Broadway    ,Manhattan,New York,New York,729,Broadway,,,,,729 Broadway    ,,,Tuttie
12167,3134,1910,Trow,826,Restaurant,Tuxedo Dining Rooms,87 Maiden  la   ,Manhattan,New York,New York,87,Maiden ,la,,,,87 Maiden  la   ,,,Tuxedo
12168,3135,1910,Trow,826,Restaurant,Tyson John H.,733 9 Ave   ,Manhattan,New York,New York,733,9,Ave,,,,733 9 Ave   ,,,Tyson
12169,3136,1910,Trow,826,Restaurant,Uhr Leopold,117 Lewis St.   ,Manhattan,New York,New York,117,Lewis,St.,,,,117 Lewis St.   ,,,Uhr
12170,3137,1910,Trow,826,Restaurant,Ule & Co,108 3 Ave   ,Manhattan,New York,New York,108,3,Ave,,,,108 3 Ave   ,,,Ule
12171,3138,1910,Trow,826,Restaurant,Ulert Abraham,323 E Houston  St.  ,Manhattan,New York,New York,323,E,Houston ,St.,,,323 E Houston  St.  ,,,Ulert
12172,3139,1910,Trow,826,Restaurant,Uman Jacob,476 6 Ave   ,Manhattan,New York,New York,476,6,Ave,,,,476 6 Ave   ,,,Uman
12173,3140,1910,Trow,826,Restaurant,Umans Morris,371 3 Ave   ,Manhattan,New York,New York,371,3,Ave,,,,371 3 Ave   ,,,Umans
12174,3141,1910,Trow,826,Restaurant,Umathum Joseph,1112 2 Ave   ,Manhattan,New York,New York,1112,2,Ave,,,,1112 2 Ave   ,,,Umathum
12175,3142,1910,Trow,826,Restaurant,Uneeta Lunch Co,326 W 143 St.  ,Manhattan,New York,New York,326,W,143,St.,,,326 W 143 St.  ,,,Uneeta
12176,3143,1910,Trow,826,Restaurant,United Lunch Co.,326 W 143 St.  ,Manhattan,New York,New York,326,W,143,St.,,,326 W 143 St.  ,,,United
12177,3144,1910,Trow,826,Restaurant,United Lunch Room Co.,118 William  St.   ,Manhattan,New York,New York,118,William ,St.,,,,118 William  St.   ,,,United
12178,3145,1910,Trow,826,Restaurant,United Lunch Room Co.,326 3 Ave   ,Manhattan,New York,New York,326,3,Ave,,,,326 3 Ave   ,,,United
12179,3146,1910,Trow,826,Restaurant,Universal Caf & Restaurant Co,116 University  Pl   ,Manhattan,New York,New York,116,University ,Pl,,,,116 University  Pl   ,,,Universal
12180,3147,1910,Trow,826,Restaurant,Urbach Jacob,30 W 15   ,Manhattan,New York,New York,30,W,15,,,,30 W 15   ,,,Urbach
12181,3148,1910,Trow,826,Restaurant,Uthe George G.,1689 2 Ave   ,Manhattan,New York,New York,1689,2,Ave,,,,1689 2 Ave   ,,,Uthe
12182,3149,1910,Trow,826,Restaurant,Vaccaro Andrew,83 Bayard St.   ,Manhattan,New York,New York,83,Bayard,St.,,,,83 Bayard St.   ,,,Vaccaro
12183,3150,1910,Trow,826,Restaurant,Vakjener John,855 10 Ave   ,Manhattan,New York,New York,855,10,Ave,,,,855 10 Ave   ,,,Vakjener
12184,3151,1910,Trow,826,Restaurant,Valente Alphonso,313 E 12 St.  ,Manhattan,New York,New York,313,E,12,St.,,,313 E 12 St.  ,,,Valente
12185,3152,1910,Trow,826,Restaurant,Valerio Speroni & Cerina,314 W 42 St.  ,Manhattan,New York,New York,314,W,42,St.,,,314 W 42 St.  ,,,Valerio
12186,3153,1910,Trow,826,Restaurant,Vamas August,681 Lenox  Ave   ,Manhattan,New York,New York,681,Lenox ,Ave,,,,681 Lenox  Ave   ,,,Vamas
12187,3154,1910,Trow,826,Restaurant,Vamvakites Louis,90 14 Ave   ,Manhattan,New York,New York,90,14,Ave,,,,90 14 Ave   ,,,Vamvakites
12188,3155,1910,Trow,826,Restaurant,Van Allen Brothers & Co,61 Gold St.   ,Manhattan,New York,New York,61,Gold,St.,,,,61 Gold St.   ,,,Van
12189,3156,1910,Trow,826,Restaurant,Van Allen Brothers & Co,187 Greenwich St.   ,Manhattan,New York,New York,187,Greenwich,St.,,,,187 Greenwich St.   ,,,Van
12190,3157,1910,Trow,826,Restaurant,VanLiew & Tuttle,779 Broadway    ,Manhattan,New York,New York,779,Broadway,,,,,779 Broadway    ,,,VanLiew
12191,3158,1910,Trow,826,Restaurant,VanMess Willard H.,278 West St.   ,Manhattan,New York,New York,278,West,St.,,,,278 West St.   ,,,VanMess
12192,3159,1910,Trow,826,Restaurant,Vanscoten Charles G.,622 Columbus Ave   ,Manhattan,New York,New York,622,Columbus,Ave,,,,622 Columbus Ave   ,,,Vanscoten
12193,3160,1910,Trow,826,Restaurant,Variano Antonio,2217 1 Ave   ,Manhattan,New York,New York,2217,1,Ave,,,,2217 1 Ave   ,,,Variano
12194,3161,1910,Trow,826,Restaurant,Veidt Jacob,647 3 Ave   ,Manhattan,New York,New York,647,3,Ave,,,,647 3 Ave   ,,,Veidt
12195,3162,1910,Trow,826,Restaurant,Velikas Frank,2248 5 Ave   ,Manhattan,New York,New York,2248,5,Ave,,,,2248 5 Ave   ,,,Velikas
12196,3163,1910,Trow,826,Restaurant,Vendola John,213 Bleecker St.   ,Manhattan,New York,New York,213,Bleecker,St.,,,,213 Bleecker St.   ,,,Vendola
12197,3164,1910,Trow,826,Restaurant,Venechonos George,31.5 Roosevelt St.   ,Manhattan,New York,New York,31.5,Roosevelt,St.,,,,31 Roosevelt St.   ,,,Venechonos
12198,3165,1910,Trow,826,Restaurant,Verceris George,24 Madison St.   ,Manhattan,New York,New York,24,Madison,St.,,,,24 Madison St.   ,,,Verceris
12199,3166,1910,Trow,826,Restaurant,Verdini Innocente,53 Park St.   ,Manhattan,New York,New York,53,Park,St.,,,,53 Park St.   ,,,Verdini
12200,3167,1910,Trow,826,Restaurant,Verner Gustav ,32 Desbrosses St.   ,Manhattan,New York,New York,32,Desbrosses,St.,,,,32 Desbrosses St.   ,,,Verner
12201,3168,1910,Trow,826,Restaurant,Vernon Walter I.,15 Broadway    ,Manhattan,New York,New York,15,Broadway,,,,,15 Broadway    ,,,Vernon
12202,3169,1910,Trow,826,Restaurant,Veroneau Ernest,372 W 11 St.  ,Manhattan,New York,New York,372,W,11,St.,,,372 W 11 St.  ,,,Veroneau
12203,3170,1910,Trow,826,Restaurant,Vershleiser Abraham,152 Stanton St.   ,Manhattan,New York,New York,152,Stanton,St.,,,,152 Stanton St.   ,,,Vershleiser
12204,3171,1910,Trow,826,Restaurant,Vesey Lunch System,39 Vesey St.   ,Manhattan,New York,New York,39,Vesey,St.,,,,39 Vesey St.   ,,,Vesey
12205,3172,1910,Trow,826,Restaurant,Veux August,28 Walker St.   ,Manhattan,New York,New York,28,Walker,St.,,,,28 Walker St.   ,,,Veux
12206,3173,1910,Trow,826,Restaurant,Vezzetti David B.,394 Canal St.   ,Manhattan,New York,New York,394,Canal,St.,,,,394 Canal St.   ,,,Vezzetti
12207,3174,1910,Trow,826,Restaurant,Victoria Lunch,806 Columbus Ave   ,Manhattan,New York,New York,806,Columbus,Ave,,,,806 Columbus Ave   ,,,Victoria
12208,3175,1910,Trow,826,Restaurant,Vidall & Thompson,161 Duane St.   ,Manhattan,New York,New York,161,Duane,St.,,,,161 Duane St.   ,,,Vidall
12209,3176,1910,Trow,826,Restaurant,Vienna (firm name),122 W 34 St.  ,Manhattan,New York,New York,122,W,34,St.,,,122 W 34 St.  ,,,Vienna
12210,3177,1910,Trow,826,Restaurant,Vienna Restaurant,797 1 Ave   ,Manhattan,New York,New York,797,1,Ave,,,,797 1 Ave   ,,,Vienna
12211,3178,1910,Trow,826,Restaurant,Vienna Caf & Lunch Rooms,27 Mercer St.   ,Manhattan,New York,New York,27,Mercer,St.,,,,27 Mercer St.   ,,,Vienna
12212,3179,1910,Trow,826,Restaurant,Vienna Caf & Restaurant,109 Mercer St.    ,Manhattan,New York,New York,109,Mercer,St. ,,,,109 Mercer St.    ,,,Vienna
12213,3180,1910,Trow,826,Restaurant,Vilaseca Faustino,154 Water St.   ,Manhattan,New York,New York,154,Water,St.,,,,154 Water St.   ,,,Vilaseca
12214,3181,1910,Trow,826,Restaurant,Villani Giuseppe,102 Macdougal St.   ,Manhattan,New York,New York,102,Macdougal,St.,,,,102 Macdougal St.   ,,,Villani
12215,3182,1910,Trow,826,Restaurant,Vincer Arthur W.,35 W 60   ,Manhattan,New York,New York,35,W,60,,,,35 W 60   ,,,Vincer
12216,3183,1910,Trow,826,Restaurant,Virginia Restaurant & Caf Co,1218 Broadway    ,Manhattan,New York,New York,1218,Broadway,,,,,1218 Broadway    ,,,Virginia
12217,3184,1910,Trow,826,Restaurant,Vitale August,2037 1 Ave   ,Manhattan,New York,New York,2037,1,Ave,,,,2037 1 Ave   ,,,Vitale
12218,3185,1910,Trow,826,Restaurant,Vilate Michael,358 E 112 St.  ,Manhattan,New York,New York,358,E,112,St.,,,358 E 112 St.  ,,,Vilate
12219,3186,1910,Trow,826,Restaurant,Vlodinger Nathan,170 Forsyth St.   ,Manhattan,New York,New York,170,Forsyth,St.,,,,170 Forsyth St.   ,,,Vlodinger
12220,3187,1910,Trow,826,Restaurant,Vlag Piet,112 E 19 St.  ,Manhattan,New York,New York,112,E,19,St.,,,112 E 19 St.  ,,,Vlag
12221,3188,1910,Trow,826,Restaurant,Voelker & Co,51 E 9 St.  ,Manhattan,New York,New York,51,E,9,St.,,,51 E 9 St.  ,,,Voelker
12222,3189,1910,Trow,826,Restaurant,Vogel Mark,431 Broome St.    ,Manhattan,New York,New York,431,Broome,St. ,,,,431 Broome St.    ,,,Vogel
12223,3190,1910,Trow,826,Restaurant,Vogt Edward J.,134 W 20 St.  ,Manhattan,New York,New York,134,W,20,St.,,,134 W 20 St.  ,,,Vogt
12224,3191,1910,Trow,826,Restaurant,Vogt Joseph,1680 1 Ave   ,Manhattan,New York,New York,1680,1,Ave,,,,1680 1 Ave   ,,,Vogt
12225,3192,1910,Trow,826,Restaurant,Volanti Caroline,120 E 11 St.  ,Manhattan,New York,New York,120,E,11,St.,,,120 E 11 St.  ,,,Volanti
12226,3193,1910,Trow,826,Restaurant,Volenec Joseph,687 1 Ave   ,Manhattan,New York,New York,687,1,Ave,,,,687 1 Ave   ,,,Volenec
12227,3194,1910,Trow,826,Restaurant,Volk & Gorgus,251 Church St.   ,Manhattan,New York,New York,251,Church,St.,,,,251 Church St.   ,,,Volk
12228,3195,1910,Trow,826,Restaurant,Volkman David,284 E Houston St.  ,Manhattan,New York,New York,284,E,Houston,St.,,,284 E Houston St.  ,,,Volkman
12229,3196,1910,Trow,826,Restaurant,Voll Maximilian J.,2108 7 Ave   ,Manhattan,New York,New York,2108,7,Ave,,,,2108 7 Ave   ,,,Voll
12230,3197,1910,Trow,826,Restaurant,Vollmer Minna,635 1 Ave   ,Manhattan,New York,New York,635,1,Ave,,,,635 1 Ave   ,,,Vollmer
12231,3198,1910,Trow,826,Restaurant,Vollnagel John,174 West St.   ,Manhattan,New York,New York,174,West,St.,,,,174 West St.   ,,,Vollnagel
12232,3199,1910,Trow,826,Restaurant,Volmer Otto,51 Beaver St.   ,Manhattan,New York,New York,51,Beaver,St.,,,,51 Beaver St.   ,,,Volmer
12233,3200,1910,Trow,826,Restaurant,VonDohlen Adolph,2435 1 Ave   ,Manhattan,New York,New York,2435,1,Ave,,,,2435 1 Ave   ,,,VonDohlen
12234,3201,1910,Trow,826,Restaurant,VonGlahn & Fastenau,110 Liberty St.   ,Manhattan,New York,New York,110,Liberty,St.,,,,110 Liberty St.   ,,,VonGlahn
12235,3202,1910,Trow,826,Restaurant,VonGlahn & Waje,537 W 59 St.  ,Manhattan,New York,New York,537,W,59,St.,,,537 W 59 St.  ,,,VonGlahn
12236,3203,1910,Trow,826,Restaurant,VonLintig Gustave,165 William St.   ,Manhattan,New York,New York,165,William,St.,,,,165 William St.   ,,,VonLintig
12237,3204,1910,Trow,826,Restaurant,Volpe Domenico ,52 Mulberry St.   ,Manhattan,New York,New York,52,Mulberry,St.,,,,52 Mulberry St.   ,,,Volpe
12238,3205,1910,Trow,826,Restaurant,Vosburgh J. Malcolm,2351 3 Ave   ,Manhattan,New York,New York,2351,3,Ave,,,,2351 3 Ave   ,,,Vosburgh
12239,3206,1910,Trow,826,Restaurant,Wandruff Samuel,165 Henry St.   ,Manhattan,New York,New York,165,Henry,St.,,,,165 Henry St.   ,,,Wandruff
12240,3207,1910,Trow,826,Restaurant,Wachholder Jacob,53 Sheriff St.   ,Manhattan,New York,New York,53,Sheriff,St.,,,,53 Sheriff St.   ,,,Wachholder
12241,3208,1910,Trow,826,Restaurant,Wachsman Emanuel,301 Canal St.   ,Manhattan,New York,New York,301,Canal,St.,,,,301 Canal St.   ,,,Wachsman
12242,3209,1910,Trow,826,Restaurant,Wachsman Emanuel,6 W 21 St.  ,Manhattan,New York,New York,6,W,21,St.,,,6 W 21 St.  ,,,Wachsman
12243,3210,1910,Trow,826,Restaurant,Wacker John,103 William St.   ,Manhattan,New York,New York,103,William,St.,,,,103 William St.   ,,,Wacker
12244,3211,1910,Trow,826,Restaurant,Wagener Restaurant Co,136 5 Ave   ,Manhattan,New York,New York,136,5,Ave,,,,136 5 Ave   ,,,Wagener
12245,3212,1910,Trow,826,Restaurant,Wagner Alexander ,221 Bowery St.    ,Manhattan,New York,New York,221,Bowery,St. ,,,,221 Bowery St.    ,,,Wagner
12246,3213,1910,Trow,826,Restaurant,Wagner Emil,215 Park Row St.    ,Manhattan,New York,New York,215,Park Row,St. ,,,,215 Park Row St.    ,,,Wagner
12247,3214,1910,Trow,826,Restaurant,Wagner Emil,25 Bowery St.    ,Manhattan,New York,New York,25,Bowery,St. ,,,,25 Bowery St.    ,,,Wagner
12248,3215,1910,Trow,826,Restaurant,Wagner Emil,103 Bowery St.    ,Manhattan,New York,New York,103,Bowery,St. ,,,,103 Bowery St.    ,,,Wagner
12249,3216,1910,Trow,826,Restaurant,Wagner Frederick,282 E Houston St.  ,Manhattan,New York,New York,282,E,Houston,St.,,,282 E Houston St.  ,,,Wagner
12250,3217,1910,Trow,826,Restaurant,Wagner Ida,1559 Lex Ave   ,Manhattan,New York,New York,1559,Lex,Ave,,,,1559 Lex Ave   ,,,Wagner
12251,3218,1910,Trow,826,Restaurant,Wagner & Gold,282 E Houston St.  ,Manhattan,New York,New York,282,E,Houston,St.,,,282 E Houston St.  ,,,Wagner
12252,3219,1910,Trow,826,Chinese Restaurant,Wah Jim,259 W 42   ,Manhattan,New York,New York,259,W,42,,,,259 W 42   ,,,Wah
12253,3220,1910,Trow,826,Restaurant,Waite George E.,738 9 Ave   ,Manhattan,New York,New York,738,9,Ave,,,,738 9 Ave   ,,,Waite
12254,3221,1910,Trow,826,Restaurant,Walcott John,202 W 42 St.  ,Manhattan,New York,New York,202,W,42,St.,,,202 W 42 St.  ,,,Walcott
12255,3222,1910,Trow,826,Restaurant,Wald Jacob,86 2 Ave   ,Manhattan,New York,New York,86,2,Ave,,,,86 2 Ave   ,,,Wald
12256,3223,1910,Trow,826,Restaurant,Wald Samuel,1666 Madison Ave   ,Manhattan,New York,New York,1666,Madison,Ave,,,,1666 Madison Ave   ,,,Wald
12257,3224,1910,Trow,826,Restaurant,Wald & Rubenfeld,9 E 22 St.  ,Manhattan,New York,New York,9,E,22,St.,,,9 E 22 St.  ,,,Wald
12258,3225,1910,Trow,826,Restaurant,Wald & Zeiger,273 Lenox Ave   ,Manhattan,New York,New York,273,Lenox,Ave,,,,273 Lenox Ave   ,,,Wald
12259,3226,1910,Trow,826,Restaurant,Waldman Wolf,98 Pitt St.   ,Manhattan,New York,New York,98,Pitt,St.,,,,98 Pitt St.   ,,,Waldman
12260,3227,1910,Trow,826,Restaurant,Waldmann Goerge,516 Pearl St.   ,Manhattan,New York,New York,516,Pearl,St.,,,,516 Pearl St.   ,,,Waldmann
12261,3228,1910,Trow,826,Restaurant,Waldorf Lunch,78 5 Ave   ,Manhattan,New York,New York,78,5,Ave,,,,78 5 Ave   ,,,Waldorf
12262,3229,1910,Trow,826,Restaurant,Walk Osias,204 Delancey St.   ,Manhattan,New York,New York,204,Delancey,St.,,,,204 Delancey St.   ,,,Walk
12263,3230,1910,Trow,826,Restaurant,Walker Meyer,500 Grand St.   ,Manhattan,New York,New York,500,Grand,St.,,,,500 Grand St.   ,,,Walker
12264,3231,1910,Trow,826,Restaurant,Wallace (firm name),57 Maiden la   ,Manhattan,New York,New York,57,Maiden,la,,,,57 Maiden la   ,,,Wallace
12265,3232,1910,Trow,826,Restaurant,Wallach Elias,99 West St.    ,Manhattan,New York,New York,99,West,St. ,,,,99 West St.    ,,,Wallach
12266,3233,1910,Trow,826,Restaurant,Wallach Elias,110 West St.    ,Manhattan,New York,New York,110,West,St. ,,,,110 West St.    ,,,Wallach
12267,3234,1910,Trow,826,Restaurant,Wallach Harry,117 South St.   ,Manhattan,New York,New York,117,South,St.,,,,117 South St.   ,,,Wallach
12268,3235,1910,Trow,826,Restaurant,Wallach & Co,84 Cortlandt St.   ,Manhattan,New York,New York,84,Cortlandt,St.,,,,84 Cortlandt St.   ,,,Wallach
12269,3236,1910,Trow,826,Restaurant,Walling Albert J.,16 Fulton  Mkt   ,Manhattan,New York,New York,16,Fulton ,Mkt,,,,16 Fulton  Mkt   ,,,Walling
12270,3237,1910,Trow,826,Restaurant,Walsh Brothers,485 3 Ave   ,Manhattan,New York,New York,485,3,Ave,,,,485 3 Ave   ,,,Walsh
12271,3238,1910,Trow,826,Restaurant,Walsh Brothers,654 3 Ave   ,Manhattan,New York,New York,654,3,Ave,,,,654 3 Ave   ,,,Walsh
12272,3239,1910,Trow,826,Restaurant,Water Eugene,26 S William St.  ,Manhattan,New York,New York,26,S,William,St.,,,26 S William St.  ,,,Water
12273,3240,1910,Trow,826,Restaurant,Waltuch Herman,38 1 Ave   ,Manhattan,New York,New York,38,1,Ave,,,,38 1 Ave   ,,,Waltuch
12274,3241,1910,Trow,826,Restaurant,Warantz Isidor,118 Eldridge St.   ,Manhattan,New York,New York,118,Eldridge,St.,,,,118 Eldridge St.   ,,,Warantz
12275,3242,1910,Trow,826,Restaurant,Warchalz Jacob,303 7 Ave   ,Manhattan,New York,New York,303,7,Ave,,,,303 7 Ave   ,,,Warchalz
12276,3243,1910,Trow,826,Restaurant,Warchofsky Morris,47 2 Ave   ,Manhattan,New York,New York,47,2,Ave,,,,47 2 Ave   ,,,Warchofsky
12277,3244,1910,Trow,826,Restaurant,Ward Thomas,84 Church St.   ,Manhattan,New York,New York,84,Church,St.,,,,84 Church St.   ,,,Ward
12278,3245,1910,Trow,826,Restaurant,Warmuth Michael L.,126 Prince St.    ,Manhattan,New York,New York,126,Prince,St. ,,,,126 Prince St.    ,,,Warmuth
12279,3246,1910,Trow,826,Restaurant,Warwick Dairy Depot,1328 Broadway    ,Manhattan,New York,New York,1328,Broadway,,,,,1328 Broadway    ,,,Warwick
12280,3247,1910,Trow,826,Restaurant,Warwick Dairy Depot,56 W 24 St.   ,Manhattan,New York,New York,56,W,24,St. ,,,56 W 24 St.   ,,,Warwick
12281,3248,1910,Trow,826,Restaurant,Warwick Dairy Depot,59 W 27 St.   ,Manhattan,New York,New York,59,W,27,St. ,,,59 W 27 St.   ,,,Warwick
12282,3249,1910,Trow,826,Restaurant,Warwick Dairy Depot,118 W 31 St.   ,Manhattan,New York,New York,118,W,31,St. ,,,118 W 31 St.   ,,,Warwick
12283,3250,1910,Trow,826,Restaurant,Warwick Dairy Depot,122 W 36 St.   ,Manhattan,New York,New York,122,W,36,St. ,,,122 W 36 St.   ,,,Warwick
12284,3251,1910,Trow,826,Restaurant,Warwick Dairy Depot,129 E 29 St.   ,Manhattan,New York,New York,129,E,29,St. ,,,129 E 29 St.   ,,,Warwick
12285,3252,1910,Trow,826,Restaurant,Warwick Dairy Depot,1380 St. Nichoals Ave   ,Manhattan,New York,New York,1380,St. Nichoals,Ave,,,,1380 St. Nichoals Ave   ,,,Warwick
12286,3253,1910,Trow,826,Restaurant,Washington Lunch Co,134 William St.   ,Manhattan,New York,New York,134,William,St.,,,,134 William St.   ,,,Washington
12287,3254,1910,Trow,826,Restaurant,Wasser David,108 Bowery St.   ,Manhattan,New York,New York,108,Bowery,St.,,,,108 Bowery St.   ,,,Wasser
12288,3255,1910,Trow,826,Restaurant,Wasserberger Joseph,96 Allen St.   ,Manhattan,New York,New York,96,Allen,St.,,,,96 Allen St.   ,,,Wasserberger
12289,3256,1910,Trow,826,Restaurant,Wasserman Jacob,41 E 4 St.  ,Manhattan,New York,New York,41,E,4,St.,,,41 E 4 St.  ,,,Wasserman
12290,3257,1910,Trow,826,Restaurant,Wasserman Samuel,27 Barclay St.   ,Manhattan,New York,New York,27,Barclay,St.,,,,27 Barclay St.   ,,,Wasserman
12291,3258,1910,Trow,826,Restaurant,Wasserman Samuel II,54 Gt. Jones St.   ,Manhattan,New York,New York,54,Gt. Jones,St.,,,,54 Gt. Jones St.   ,,,Wasserman
12292,3259,1910,Trow,826,Restaurant,Wasserman Selig,10 W 3 St.  ,Manhattan,New York,New York,10,W,3,St.,,,10 W 3 St.  ,,,Wasserman
12293,3260,1910,Trow,826,Restaurant,Wasserman Carl,227 W Broadway   ,Manhattan,New York,New York,227,W,Broadway,,,,227 W Broadway   ,,,Wasserman
12294,3261,1910,Trow,826,Restaurant,Wassmer William E.,198 11 Ave   ,Manhattan,New York,New York,198,11,Ave,,,,198 11 Ave   ,,,Wassmer
12295,3262,1910,Trow,826,Restaurant,Watinsky Harris,221 Greene St.   ,Manhattan,New York,New York,221,Greene,St.,,,,221 Greene St.   ,,,Watinsky
12296,3263,1910,Trow,826,Restaurant,Waxman Samuel,48 Allen St.   ,Manhattan,New York,New York,48,Allen,St.,,,,48 Allen St.   ,,,Waxman
12297,3264,1910,Trow,826,Restaurant,Webb William A.,462 Hudson St.   ,Manhattan,New York,New York,462,Hudson,St.,,,,462 Hudson St.   ,,,Webb
12298,3265,1910,Trow,826,Restaurant,Weber Max,21 E 21 St.  ,Manhattan,New York,New York,21,E,21,St.,,,21 E 21 St.  ,,,Weber
12299,3266,1910,Trow,826,Restaurant,Weber Samuel,156 Spring St.   ,Manhattan,New York,New York,156,Spring,St.,,,,156 Spring St.   ,,,Weber
12300,3267,1910,Trow,826,Restaurant,Weelner Frederick,837 8 Ave   ,Manhattan,New York,New York,837,8,Ave,,,,837 8 Ave   ,,,Weelner
12301,3268,1910,Trow,826,Restaurant,Weidnefeld Morris,179 E Houston    ,Manhattan,New York,New York,179,E,Houston ,,,,179 E Houston    ,,,Weidnefeld
12302,3269,1910,Trow,826,Restaurant,Weidner Kurt,76 Church St.   ,Manhattan,New York,New York,76,Church,St.,,,,76 Church St.   ,,,Weidner
12303,3270,1910,Trow,826,Restaurant,Weiler F. L. ,164 5 Ave   ,Manhattan,New York,New York,164,5,Ave,,,,164 5 Ave   ,,,Weiler
12304,3271,1910,Trow,826,Chinese Restaurant,Wein Ying,14 Pell St.   ,Manhattan,New York,New York,14,Pell,St.,,,,14 Pell St.   ,,,Wein
12305,3272,1910,Trow,826,Restaurant,Weinberg Adolph,367 E 148 St.  ,Manhattan,New York,New York,367,E,148,St.,,,367 E 148 St.  ,,,Weinberg
12306,3273,1910,Trow,826,Restaurant,Weiner Jacob J.,594 E 183 St.  ,Manhattan,New York,New York,594,E,183,St.,,,594 E 183 St.  ,,,Weiner
12307,3274,1910,Trow,826,Restaurant,Weingarten Joseph,35 City Hall Pl   ,Manhattan,New York,New York,35,City Hall,Pl,,,,35 City Hall Pl   ,,,Weingarten
12308,3275,1910,Trow,826,Restaurant,Weinstein Benjamin,87 Allen St.   ,Manhattan,New York,New York,87,Allen,St.,,,,87 Allen St.   ,,,Weinstein
12309,3276,1910,Trow,826,Restaurant,Weinstein Frederick,40 Burling  Sl   ,Manhattan,New York,New York,40,Burling ,Sl,,,,40 Burling  Sl   ,,,Weinstein
12310,3277,1910,Trow,826,Restaurant,Weinstein Frederick,221 West St.    ,Manhattan,New York,New York,221,West,St. ,,,,221 West St.    ,,,Weinstein
12311,3278,1910,Trow,826,Restaurant,Weinstein Harris,45 Sheriff St.   ,Manhattan,New York,New York,45,Sheriff,St.,,,,45 Sheriff St.   ,,,Weinstein
12312,3279,1910,Trow,826,Restaurant,Weinstein Harry,189 2 St.   ,Manhattan,New York,New York,189,2,St.,,,,189 2 St.   ,,,Weinstein
12313,3280,1910,Trow,826,Restaurant,Weinstein Joseph,355 E Houston St.  ,Manhattan,New York,New York,355,E,Houston,St.,,,355 E Houston St.  ,,,Weinstein
12314,3281,1910,Trow,826,Restaurant,Weinstein Morris,119 Orchard St.   ,Manhattan,New York,New York,119,Orchard,St.,,,,119 Orchard St.   ,,,Weinstein
12315,3282,1910,Trow,826,Restaurant,Weinstein Sarah,224 Delancey St.   ,Manhattan,New York,New York,224,Delancey,St.,,,,224 Delancey St.   ,,,Weinstein
12316,3283,1910,Trow,826,Restaurant,Weinsteingel & Niderman,118 Centre St.   ,Manhattan,New York,New York,118,Centre,St.,,,,118 Centre St.   ,,,Weinsteingel
